"キャラ固有番号","キャラ名","作業用 直訳","作品名","プロンプト","ネガティブ","衣装","備考","備考2","予備1","予備2","予備3","予備4","予備5","予備6"
"0","あなた",,,,,,"名前タグの反応(0～5で採点) 0:学習なし 3:使える（マスピ顔だったり複数デザイン混ざってたり取り扱い注意）　4:名前タグだけで安定して良好ほぼ満点",,,,,,,
"1","ユズ","Yuzu","devil survivor","(tanigawa yuzu:1.3),(devil survivor:1.2),orange hair,asymmetrical bangs",,"(pink bandana on head:0.8),pink camisole,skirt","2",,,,,,,
"2","ドリー","dolly","devil survivor","(komaki midori:1.3),Dolly,(devil survivor:1.2),purple hair,long hair",,"red-framed_eyewear","0",,,,,,,
"3","マリ","mali","devil survivor","(mochizuki mari:1.3),(devil survivor:1.2),forehead,black hair,mature female,low ponytail,ribbon",,"lab coat,(beige sweater:0.7)","1",,,,,,,
"4","ハル","Hull","devil survivor","Hull",,,,,,,,,,
"5","アマネ","Amane","devil survivor","Amane",,,,,,,,,,
"6","イヅナ","Izuna","devil survivor","Izuna",,,,,,,,,,
"7","ショウジ","Shoji","devil survivor","Shoji",,,,,,,,,,
"10","新田 維緒","Maio Nitta","devil survivor","(nitta io:1.3),(devil survivor 2:1.2)",,,"3",,,,,,,
"11","迫 真琴","Makoto Sako","devil survivor","Makoto Sako",,,,,,,,,,
"12","九条 緋那子","Hinako Kujo","devil survivor","Hinako Kujo",,,,,,,,,,
"13","伴 亜衣梨","Ai Ban","devil survivor","(ban airi:1.3),(devil survivor 2:1.2),red hair,long hair",,"white hat,white scarf,black serafuku","0",,,,,,,
"14","菅野 史","Fumi Kanno","devil survivor","(kanno fumi:1.3),(devil survivor 2:1.2),squinting,black hair,short bangs,pixie cut,low twintails,black coat,white china dress,ao dai ,mature female",,,"1",,,,,,,
"15","柳谷 乙女","Yanagidani Otome","devil survivor","Yanagidani Otome",,,,,,,,,,
"16","ティコ","Tico","devil survivor","Tico",,,,,,,,,,
"20","P3女主人公","P3 female protagonist","persona","(shiomi kotone),(female protagonist:1.3),persona,(persona 3:1.2)",,"black jacket","3",,,,,,,
"21","岳羽 ゆかり","Yukari Takeha","persona","(takeba yukari),persona 3",,,"3",,,,,,,
"22","桐条 美鶴","Mitsuru Kirijo","persona","(kirijou mitsuru),persona 3",,,"3",,,,,,,
"23","山岸 風花","Fuuka Yamagishi","persona","(yamagishi fuuka),persona 3",,,"3",,,,,,,
"24","アイギス","Aigis","persona","aegis \(persona\),persona 3",,,"3.5",,,,,,,
"25","メティス","Metis","persona","Metis",,,,,,,,,,
"26","エリザベス","elizabeth","persona","(elizabeth \(persona\)),persona 3",,,"3.5",,,,,,,
"27","ラビリス","Labyris","persona","Labyris",,,,,,,,,,
"28","チドリ","Plover","persona","Plover",,,,,,,,,,
"30","伏見 千尋","Chihiro Fushimi","persona","Chihiro Fushimi",,,,,,,,,,
"40","里中 千枝","Chie Satonaka","persona","(satonaka chie),persona 4",,,"4",,,,,,,
"41","天城 雪子","Yukiko Amagi","persona","(amagi yukiko),persona 4",,,"4",,,,,,,
"42","久慈川 りせ","Rise Kujikawa","persona","(kujikawa rise),persona 4",,,"4",,,,,,,
"43","白鐘 直斗","Naoto Shirakane","persona","Naoto Shirakane",,,,,,,,,,
"44","マーガレット","Margaret","persona","(margaret \(persona\)),persona 4",,,"4",,,,,,,
"45","マリー","marie","persona","marie",,,,,,,,,,
"46","堂島 菜々子","Nanako Dojima","persona","Nanako Dojima",,,,,,,,,,
"47","中村 あいか","Aika Nakamura","persona","Aika Nakamura",,,,,,,,,,
"55","園村 麻希","Maki Sonomura","persona","Maki Sonomura",,,,,,,,,,
"56","桐島 英理子","Eriko Kirishima","persona","Eriko Kirishima",,,,,,,,,,
"57","綾瀬 優香","Yuka Ayase","persona","Yuka Ayase",,,,,,,,,,
"60","天野 舞耶","Maya Amano","persona","Maya Amano",,,,,,,,,,
"61","リサ・シルバーマン","lisa silverman","persona","lisa silverman",,,,,,,,,,
"62","吉栄 杏奈","Anna Yoshiei","persona","Anna Yoshiei",,,,,,,,,,
"63","星 あかり","star light","persona","star light",,,,,,,,,,
"64","チカリン","Chikarin","persona","Chikarin",,,,,,,,,,
"65","芹沢うらら","Urara Serizawa","persona","Urara Serizawa",,,,,,,,,,
"66","黛 ゆきの","Yukino Mayuzumi","persona","Yukino Mayuzumi",,,,,,,,,,
"70","白鷺 弓子","Yumiko Shirasagi","Megami Tensei","Yumiko Shirasagi",,,,,,,,,,
"72","ゆりこ","Yuriko","Shin Megami Tensei","Yuriko",,,,,,,,,,
"73","ベス","Beth","Shin Megami Tensei","Beth",,,,,,,,,,
"75","内田 たまき","Tamaki Uchida","Shin Megami Tensei","Tamaki Uchida",,,,,,,,,,
"76","白川 由美","Yumi Shirakawa","Shin Megami Tensei","Yumi Shirakawa",,,,,,,,,,
"77","赤根沢 玲子","Reiko Akanezawa","Shin Megami Tensei","Reiko Akanezawa",,,,,,,,,,
"79","橘 千晶","Chiaki Tachibana","Shin Megami Tensei","Chiaki Tachibana",,,,,,,,,,
"80","イザボー","Ysabeau","Shin Megami Tensei","Ysabeau",,,,,,,,,,
"81","ヒカル","Hikaru","Shin Megami Tensei","Hikaru",,,,,,,,,,
"88","要 未来","The future","shin megami tensei devil children","The future",,,,,,,,,,
"90","レイ・レイホゥ","Lei Leihou","devil summoner (series)","Lei Leihou",,,,,,,,,,
"92","ネミッサ","Nemissa","devil summoner (series)","Nemissa",,,,,,,,,,
"93","メアリ","mary","devil summoner (series)","mary",,,,,,,,,,
"94","マヨーネ","mayone","devil summoner (series)","mayone",,,,,,,,,,
"95","ナオミ","naomi","devil summoner (series)","naomi",,,,,,,,,,
"96","峰岸 友子","Tomoko Minegishi","devil summoner (series)","Tomoko Minegishi",,,,,,,,,,
"97","エリカ","Erica","devil summoner (series)","Erica",,,,,,,,,,
"100","リンゴ","apple","devil summoner: soul hackers","(ringo \(soul hackers 2\):1.3),(red eyes:0.8)",,,"2",,,,,,,
"101","フィグ","fig","devil summoner: soul hackers","(figue \(soul hackers 2\):1.3),white purple hair,",,,"1",,,,,,,
"102","ミレディ","Milady","devil summoner: soul hackers","Milady",,,,,,,,,,
"105","高巻 杏","An Takamaki","persona 5","(takamaki anne:1.2),(persona),(persona 5)",,,"4",,,,,,,
"106","新島 真","Makoto Niijima","persona 5","(niijima makoto:1.2),(persona),(persona 5)",,,"4",,,,,,,
"107","佐倉 双葉","Futaba Sakura","persona 5","(sakura futaba:1.2),(persona),(persona 5)",,,"4",,,,,,,
"108","奥村 春","Haru Okumura","persona 5","(okumura haru:1.2),(persona),(persona 5)",,,"4",,,,,,,
"109","芳澤 かすみ","Kasumi Yoshizawa","persona 5","(Kasumi Yoshizawa:1.2),(persona),(persona 5)",,,"4",,,,,,,
"151","聖天子","Saint Tenshi","black bullet","(seitenshi \(black bullet\):1.3),black bullet",,,"0",,,,,,,
"152","木更","Kisara","black bullet","Kisara",,,,,,,,,,
"153","延珠","Enju","black bullet","Enju",,,,,,,,,,
"154","ティナ","Tina","black bullet","Tina",,,,,,,,,,
"155","アルジラ","Argila","digital devil saga","Argila",,,,,,,,,,
"156","セラ","Sera","digital devil saga","Sera",,,,,,,,,,
"157","ジナーナ","Jnana","digital devil saga","Jnana",,,,,,,,,,
"160","八神 咲","Saki Yagami","Shin Megami Tensei","Saki Yagami",,,,,,,,,,
"161","日下 茉莉花","Marika Kusaka","Shin Megami Tensei","Marika Kusaka",,,,,,,,,,
"162","渋澤 京子","Kyoko Shibusawa","Shin Megami Tensei","Kyoko Shibusawa",,,,,,,,,,
"165","橘 由宇香","Yuka Tachibana","Shin Megami Tensei","Yuka Tachibana",,,,,,,,,,
"166","飛鳥 泪","Asuka tears","儀典(該当タグなし？)","Asuka tears",,,,,,,,,,
"167","桐島 英美","Emi Kirishima","儀典(該当タグなし？)","Emi Kirishima",,,,,,,,,,
"171","石嶺 摩耶","Maya Ishimine","儀典(該当タグなし？)","Maya Ishimine",,,,,,,,,,
"190","あなたの娘","your daughter",,"your daughter",,,,,,,,,,
"191","奴隷の娘","slave's daughter",,"slave's daughter",,,,,,,,,,
"192","【一般奴隷】","[General slave]",,"[General slave]",,,,,,,,,,
"193","【取引品】","[Trade items]",,"[Trade items]",,,,,,,,,,
"194","【取引品】","[Trade items]",,"[Trade items]",,,,,,,,,,
"200","アルクェイド","Arcueid","tsukihime","(Arcueid),tsukihime",,,"4",,,,,,,
"201","シエル","ciel","tsukihime","(ciel \(tsukihime\):1.3)",,,"3",,,,,,,
"202","遠野 秋葉","Akiha Tono","tsukihime","(tohno akiha),tsukihime",,,"3",,,,,,,
"203","翡翠","jade","tsukihime","(hisui \(tsukihime\):1.3),tsukihime",,,"3",,,,,,,
"204","琥珀","amber","tsukihime","(kohaku \(tsukihime\):1.3),tsukihime",,,"3",,,,,,,
"205","蒼崎 青子","Aoko Aozaki","tsukihime","(aozaki aoko :1.3),tsukihime",,,"3",,,,,,,
"206","弓塚 さつき","Satsuki Yumizuka","tsukihime","Satsuki Yumizuka",,,,,,,,,,
"207","黒レン","black wren","tsukihime","black wren",,,,,,,,,,
"208","白レン","white wren","tsukihime","white wren",,,,,,,,,,
"209","ノエル","noel","tsukihime","noel",,,,,,,,,,
"220","シオン","Zion","tsukihime","Zion",,,,,,,,,,
"221","リーズバイフェ","leeds by fe","tsukihime","leeds by fe",,,,,,,,,,
"222","朱い月","Vermilion moon","tsukihime","Vermilion moon",,,,,,,,,,
"225","両儀 式","both ceremonies","kara no kyoukai","ryougi shiki,kara no kyoukai",,,"4",,,,,,,
"226","黒桐 鮮花","Black paulownia flowers","kara no kyoukai","Black paulownia flowers",,,,,,,,,,
"227","蒼崎 橙子","Touko Aosaki","kara no kyoukai","Touko Aosaki",,,,,,,,,,
"228","巫条 霧絵","Kirie Mijō","kara no kyoukai","Kirie Mijō",,,,,,,,,,
"229","浅上 藤乃","Fujino Asagami","kara no kyoukai","Fujino Asagami",,,,,,,,,,
"230","黄路 美沙夜","Huangji Misaya","kara no kyoukai","Huangji Misaya",,,,,,,,,,
"235","蒼崎 青子","Aoko Aozaki","mahou tsukai no yoru","Aoko Aozaki",,,,,,,,,,
"236","久遠寺 有珠","Kuonji Usu","mahou tsukai no yoru","Kuonji Usu",,,,,,,,,,
"237","蒼崎 橙子","Touko Aosaki","mahou tsukai no yoru","Touko Aosaki",,,,,,,,,,
"238","周瀬 律架","Shuuse Ritsuka","mahou tsukai no yoru","Shuuse Ritsuka",,,,,,,,,,
"239","周瀬 唯架","Yuika Shuuse","mahou tsukai no yoru","Yuika Shuuse",,,,,,,,,,
"240","リデル","Riddell","mahou tsukai no yoru","Riddell",,,,,,,,,,
"260","セイバー","Saber","fate \(series\)","saber \(fate\)",,,"5",,,,,,,
"261","遠坂 凛","Rin Tohsaka","fate \(series\)","tohsaka rin",,,"5",,,,,,,
"262","間桐 桜","Sakura Matou","fate \(series\)","matou sakura",,,"4",,,,,,,
"263","ライダー","rider","fate \(series\)","medusa \(rider\) \(fate\)",,,"4",,,,,,,
"266","イリヤ","Ilya","fate \(series\)","illyasviel von einzbern",,,"5",,,,,,,
"267","リーゼリット","Lieserit","fate \(series\)","Lieserit",,,,,,,,,,
"268","セラ","Sera","fate \(series\)","Sera",,,,,,,,,,
"269","キャスター","caster","fate \(series\)","caster",,,,,,,,,,
"270","オルタ","alter","fate \(series\)","alter",,,,,,,,,,
"271","藤村 大河","Taiga Fujimura","fate \(series\)","Taiga Fujimura",,,,,,,,,,
"272","美綴 綾子","Ayako Miszuri","fate \(series\)","Ayako Miszuri",,,,,,,,,,
"273","蒔寺 楓","Kaede Makidera","fate \(series\)","Kaede Makidera",,,,,,,,,,
"274","三枝 由紀香","Yukika Saegusa","fate \(series\)","Yukika Saegusa",,,,,,,,,,
"275","氷室 鐘","Kane Himuro","fate \(series\)","Kane Himuro",,,,,,,,,,
"276","カレン","Karen","fate \(series\)","Karen",,,,,,,,,,
"277","バゼット","Bazett","fate \(series\)","Bazett",,,,,,,,,,
"280","アイリ","Airi","fate \(series\)","Airi",,,,,,,,,,
"281","久宇 舞弥","Maiya Hisa","fate \(series\)","Maiya Hisa",,,,,,,,,,
"282","ソラウ","Sorau","fate \(series\)","Sorau",,,,,,,,,,
"283","遠坂 葵","Aoi Tohsaka","fate \(series\)","Aoi Tohsaka",,,,,,,,,,
"292","ラニ＝Ⅷ","Rani = VIII","fate \(series\)","Rani = VIII",,,,,,,,,,
"298","パッションリップ","passion lip","fate \(series\)","passion lip",,,,,,,,,,
"299","メルトリリス","Melt Lilith","fate \(series\)","(meltryllis \(fate\))",,,"4",,,,,,,
"301","殺生院キアラ","Sesshoin Chiara","fate \(series\)","Sesshoin Chiara",,,,,,,,,,
"304","セレニケ","selenike","fate \(series\)","selenike",,,,,,,,,,
"305","六導 玲霞","Rokudo Reika","fate \(series\)","Rokudo Reika",,,,,,,,,,
"320","カナン","canaan","canaan_(series) ","canaan",,,,,,,,,,
"321","アルファルド","Alphard","canaan_(series) ","Alphard",,,,,,,,,,
"323","リャン・チー","Liang Qi","canaan_(series) ","Liang Qi",,,,,,,,,,
"330","グレイ","gray","fate \(series\)","gray",,,,,,,,,,
"341","藤丸立香","Ritsuka Fujimaru","fate \(series\)","Ritsuka Fujimaru",,,,,,,,,,
"342","マシュ・キリエライト","Mash Kyrielight","fate \(series\)","(mash kyrielight),hair over one eye,glasses",,,"4",,,,,,,
"343","オルガマリー","olga marie","fate \(series\)","olga marie",,,,,,,,,,
"345","虞美人","fearful beauty","fate \(series\)","fearful beauty",,,,,,,,,,
"353","アルトリアリリィ","Artoria Lily","fate \(series\)","Artoria Lily",,,,,,,,,,
"354","ネロ","Nero","fate \(series\)","(nero claudius \(fate\))",,,"4",,,,,,,
"355","アルテラ","altera","fate \(series\)","altera",,,,,,,,,,
"356","シュヴァリエ・デオン","Chevalier d'Eon","fate \(series\)","Chevalier d'Eon",,,,,,,,,,
"357","アタランテ","Atalanta","fate \(series\)","Atalanta",,,,,,,,,,
"358","エリザベート＝バートリー","elisabeth bathley","fate \(series\)","(elizabeth bathory \(fate\))",,,"4",,,,,,,
"359","ブーディカ","Boudicca","fate \(series\)","Boudicca",,,,,,,,,,
"360","牛若丸","Ushiwakamaru","fate \(series\)","Ushiwakamaru",,,,,,,,,,
"361","マリー・アントワネット","marie antoinette","fate \(series\)","marie antoinette",,,,,,,,,,
"362","マルタ","malta","fate \(series\)","malta",,,,,,,,,,
"363","荊軻","Jingji","fate \(series\)","Jingji",,,,,,,,,,
"364","マタ・ハリ","Mata Hari","fate \(series\)","Mata Hari",,,,,,,,,,
"365","カーミラ","carmilla","fate \(series\)","carmilla",,,,,,,,,,
"366","清姫","Kiyohime","fate \(series\)","Kiyohime",,,,,,,,,,
"367","タマモキャット","Tamamo Cat","fate \(series\)","tamamo cat \(fate\),animal ears",,,"4",,,,,,,
"368","ジャンヌ・ダルク","Joan of Arc","fate \(series\)","jeanne d'arc \(fate\),braid",,"headpiece","3","headpieceは無指定だと出たり消えたりするのでポジるかネガるかどちらか。髪型がぶれる",,,,,,
"369","キャス狐","Cass Fox","fate \(series\)","(tamamo no mae \(fate/extra\)),twintails",,,"4",,,,,,,
"370","フランシス・ドレイク","francis drake","fate \(series\)","francis drake",,,,,,,,,,
"371","アン・ボニー","Anne Bonny","fate \(series\)","Anne Bonny",,,,,,,,,,
"372","メアリ・リード","mary reed","fate \(series\)","mary reed",,,,,,,,,,
"373","メディアリリィ","media lily","fate \(series\)","media lily",,,"4",,,,,,,
"374","沖田総司","Okita Souji","fate \(series\)","(okita souji \(fate\))",,,,,,,,,,
"375","織田信長","Oda Nobunaga","fate \(series\)","Oda Nobunaga",,,,,,,,,,
"376","スカサハ","Scathach","fate \(series\)","(scathach \(fate\))",,,"4",,,,,,,
"379","モードレッド","Mordred","fate \(series\)","Mordred",,,,,,,,,,
"380","Ｌ・アルトリアオルタ","L. Artoria Alter","fate \(series\)","L. Artoria Alter",,,,,,,,,,
"381","ジャック","jack","fate \(series\)","jack",,,,,,,,,,
"382","フランケンシュタイン","frankenstein","fate \(series\)","frankenstein",,,,,,,,,,
"383","謎のヒロインX","mysterious heroine","fate \(series\)","(mysterious heroine xx \(fate\))",,,"4",,,,,,,
"384","ブリュンヒルデ","Brünnhilde","fate \(series\)","Brünnhilde",,,,,,,,,,
"388","ナイチンゲール","nightingale","fate \(series\)","nightingale",,,,,,,,,,
"389","女王メイヴ","queen maeve","fate \(series\)","queen maeve",,,,,,,,,,
"391","ジャンヌ・オルタ","Jeanne Horta","fate \(series\)","jeanne d'arc alter \(fate\)",,"headpiece","3","headpieceは無指定だと出たり消えたりするのでポジるかネガるかどちらか。髪型がぶれる",,,,,,
"394","酒呑童子","Shuten Doji","fate \(series\)","(shuten douji \(fate\))",,,"4",,,,,,,
"395","玄奘三蔵","Xuanzang Sanzang","fate \(series\)","Xuanzang Sanzang",,,,,,,,,,
"396","源頼光","Yorimitsu Minamoto","fate \(series\)","(minamoto no raikou \(fate\))",,,"4",,,,,,,
"397","茨木童子","Ibaraki Douji","fate \(series\)","Ibaraki Douji",,,,,,,,,,
"398","Ｌ・アルトリア","L. Artoria","fate \(series\)","L. Artoria",,,,,,,,,,
"399","ニトクリス","Nitocris","fate \(series\)","Nitocris",,,,,,,,,,
"400","静謐のハサン","Hasan of serenity","fate \(series\)","Hasan of serenity",,,,,,,,,,
"401","ダ・ヴィンチ","da vinci","fate \(series\)","da vinci",,,,,,,,,,
"404","クレオパトラ","cleopatra","fate \(series\)","cleopatra",,,,,,,,,,
"405","サンタリリィ","Santa Lily","fate \(series\)","Santa Lily",,,,,,,,,,
"406","イシュタル","Ishtar","fate \(series\)","Ishtar",,,,,,,,,,
"407","ケツァルコアトル","Quetzalcoatl","fate \(series\)","Quetzalcoatl",,,,,,,,,,
"408","メドゥーサリリィ","Medusa Lily","fate \(series\)","Medusa Lily",,,,,,,,,,
"409","ゴルゴーン","gorgon","fate \(series\)","gorgon",,,,,,,,,,
"410","ジャガーマン","jaguar man","fate \(series\)","jaguar man",,,,,,,,,,
"412","宮本武蔵","miyamoto musashi","fate \(series\)","miyamoto musashi",,,,,,,,,,
"413","謎のヒロインXオルタ","Mysterious Heroine X Alter","fate \(series\)","Mysterious Heroine X Alter",,,,,,,,,,
"415","鈴鹿御前","Suzuka Gozen","fate \(series\)","Suzuka Gozen",,,,,,,,,,
"416","シェヘラザード","Scheherazade","fate \(series\)","Scheherazade",,,,,,,,,,
"419","パールヴァティー","Parvati","fate \(series\)","Parvati",,,,,,,,,,
"420","巴御前","Tomoe Gozen","fate \(series\)","Tomoe Gozen",,,,,,,,,,
"422","加藤段蔵","Danzo Kato","fate \(series\)","Danzo Kato",,,,,,,,,,
"426","キルケー","Circe","fate \(series\)","Circe",,,,,,,,,,
"430","エレシュキガル","Ereshkigal","fate \(series\)","(ereshkigal \(fate\))",,,"4",,,,,,,
"431","葛飾北斎","Katsushika Hokusai","fate \(series\)","Katsushika Hokusai",,,,,,,,,,
"440","アナスタシア","anastasia","fate \(series\)","anastasia",,,,,,,,,,
"441","アタランテオルタ","Atalanta Alter","fate \(series\)","Atalanta Alter",,,,,,,,,,
"442","ダユー","dayu","fate \(series\)","dayu",,,,,,,,,,
"447","スカディ","Skadi","fate \(series\)","Skadi",,,,,,,,,,
"448","謎のヒロインXX","mysterious heroine XX","fate \(series\)","mysterious heroine XX",,,,,,,,,,
"450","秦良玉","Qin Liangyu","fate \(series\)","Qin Liangyu",,,,,,,,,,
"456","ラクシュミー","Lakshmi","fate \(series\)","Lakshmi",,,,,,,,,,
"458","長尾景虎","Kagetora Nagao","fate \(series\)","Kagetora Nagao",,,,,,,,,,
"460","ガレス","Gareth","fate \(series\)","Gareth",,,,,,,,,,
"461","シャルロット","charlotte","fate \(series\)","charlotte",,,,,,,,,,
"464","カラミティ・ジェーン","calamity jane","fate \(series\)","calamity jane",,,,,,,,,,
"467","清少納言","Sei Shonagon","fate \(series\)","Sei Shonagon",,,,,,,,,,
"469","カイニス","Cainis","fate \(series\)","Cainis",,,,,,,,,,
"470","アフロディーテ","aphrodite","fate \(series\)","aphrodite",,,,,,,,,,
"471","デメテル","Demeter","fate \(series\)","Demeter",,,,,,,,,,
"474","アルトリア・Ｃ","Arturia C","fate \(series\)","Arturia C",,,,,,,,,,
"475","卑弥呼","Himiko","fate \(series\)","Himiko",,,,,,,,,,
"476","ヴァン・ゴッホ","van gogh","fate \(series\)","van gogh",,,,,,,,,,
"477","伊吹童子","Ibuki Doji","fate \(series\)","Ibuki Doji",,,,,,,,,,
"478","ヴリトラ","Vritra","fate \(series\)","Vritra",,,,,,,,,,
"479","平景清","Taira Kagekiyo","fate \(series\)","Taira Kagekiyo",,,,,,,,,,
"480","鬼一法眼","Oniichi Hogan","fate \(series\)","Oniichi Hogan",,,,,,,,,,
"481","ガラテア","Galatea","fate \(series\)","Galatea",,,,,,,,,,
"483","ミス・クレーン","miss crane","fate \(series\)","miss crane",,,,,,,,,,
"484","モルガン","morgan","fate \(series\)","morgan",,,,,,,,,,
"485","バーゲスト","bar guest","fate \(series\)","bar guest",,,,,,,,,,
"486","バーヴァン・シ－","Bhavan Sea","fate \(series\)","Bhavan Sea",,,,,,,,,,
"487","メリュジーヌ","Melusine","fate \(series\)","Melusine",,,,,,,,,,
"488","光のコヤンスカヤ","Koyanskaya of light","fate \(series\)","Koyanskaya of light",,,,,,,,,,
"506","マーリン","merlin","fate \(series\)","merlin",,,,,,,,,,
"650","博麗 霊夢","Reimu Hakurei","touhou","hakurei reimu",,,"5",,,,,,,
"651","霧雨 魔理沙","Kirisame Marisa","touhou","kirisame marisa",,,"5","東方キャラは大体安定してるけどhatの制御はした方いいかも",,,,,,
"652","ルーミア","Rumia","touhou","Rumia",,,"4",,,,,,,
"653","大妖精","great fairy","touhou","daiyousei",,,"4",,,,,,,
"654","チルノ","Cirno","touhou","Cirno",,,"4",,,,,,,
"655","紅 美鈴","Misuzu Beni","touhou","hong meiling ",,,"4",,,,,,,
"656","小悪魔","little devil","touhou","koakuma",,,"4",,,,,,,
"657","ここぁ","Here it is","touhou","koakuma,short hair,(chibi:1.5)",,,"4",,,,,,,
"658","パチュリー","patchouli","touhou","patchouli knowledge ",,,"4",,,,,,,
"659","十六夜 咲夜","Izayoi Sakuya","touhou","Izayoi Sakuya",,,"4",,,,,,,
"660","レミリア","Remilia","touhou","remilia scarlet",,,"4",,,,,,,
"661","フランドール","flandre","touhou","flandre scarlet",,,"4",,,,,,,
"662","レティ","Letty","touhou","letty whiterock",,,"4",,,,,,,
"663","橙","orange","touhou","chen",,,"4",,,,,,,
"664","アリス","alice","touhou","alice margatroid",,,"4",,,,,,,
"665","リリーホワイト","lily white","touhou","lily white",,,"4",,,,,,,
"666","ルナサ","Lunasa","touhou","lunasa prismriver",,,"4",,,,,,,
"667","メルラン","Merlin","touhou","Merlin prismriver",,,"4",,,,,,,
"668","リリカ","lyrica","touhou","lyrica prismriver",,,"4",,,,,,,
"669","魂魄 妖夢","Konpaku Youmu","touhou","Konpaku Youmu",,,"4",,,,,,,
"670","西行寺 幽々子","Yuyuko Saigyoji","touhou","Saigyoji Yuyuko",,,"4",,,,,,,
"671","八雲 藍","Ai Yakumo","touhou","Yakumo ran",,,"4",,,,,,,
"672","八雲 紫","Yakumo Murasaki","touhou","Yakumo Yukari",,,"4",,,,,,,
"673","伊吹 萃香","Suika Ibuki","touhou","ibuki suika",,,"4",,,,,,,
"675","リグル","Wriggle","touhou","wriggle nightbug",,,"4",,,,,,,
"676","ミスティア","Mystia","touhou","mystia lorelei",,,"4",,,,,,,
"677","上白沢 慧音","Keion Kamishirasawa","touhou","kamishirasawa keine",,,"4",,,,,,,
"678","因幡 てゐ","Tei Inaba","touhou","inaba tewi",,,"4",,,,,,,
"679","鈴仙","Suzusen","touhou","reisen udongein inaba",,,"4",,,,,,,
"680","八意 永琳","Eirin Yagi","touhou","yagokoro eirin",,,"4",,,,,,,
"681","蓬莱山 輝夜","Mount Horai Kaguya","touhou","houraisan kaguya",,,"4",,,,,,,
"682","藤原 妹紅","Fujiwara Imoko","touhou","fujiwara no mokou",,,"4",,,,,,,
"683","メディスン","medicine","touhou","medicine",,,,,,,,,,
"684","射命丸 文","Text by Shameimaru","touhou","Text by Shameimaru",,,,,,,,,,
"685","風見 幽香","Yuka Kazami","touhou","Yuka Kazami",,,,,,,,,,
"686","小野塚 小町","Komachi Onozuka","touhou","Komachi Onozuka",,,,,,,,,,
"687","四季 映姫","Shiki Eihime","touhou","Shiki Eihime",,,,,,,,,,
"688","秋 静葉","Autumn Shizuha","touhou","Autumn Shizuha",,,,,,,,,,
"689","秋 穣子","Autumn Joiko","touhou","Autumn Joiko",,,,,,,,,,
"690","鍵山 雛","Kagiyama Hina","touhou","Kagiyama Hina",,,,,,,,,,
"691","河城 にとり","Nitori Kawashiro","touhou","Nitori Kawashiro",,,,,,,,,,
"692","犬走 椛","Inuhashi Kana","touhou","Inuhashi Kana",,,,,,,,,,
"693","東風谷 早苗","Sanae Tofuya","touhou","Sanae Tofuya",,,,,,,,,,
"694","八坂 神奈子","Kanako Yasaka","touhou","Kanako Yasaka",,,,,,,,,,
"695","洩矢 諏訪子","Suwako Moriya","touhou","Suwako Moriya",,,,,,,,,,
"696","サニーミルク","sunny milk","touhou","sunny milk",,,,,,,,,,
"697","ルナチャイルド","luna child","touhou","luna child",,,,,,,,,,
"698","スターサファイア","star sapphire","touhou","star sapphire",,,,,,,,,,
"701","稗田 阿求","Akyu Hieda","touhou","Akyu Hieda",,,,,,,,,,
"702","宇佐見 蓮子","Renko Usami","touhou","Renko Usami",,,,,,,,,,
"703","マエリベリー","maeri berry","touhou","maeri berry",,,,,,,,,,
"704","魅魔","charm","touhou","charm",,,,,,,,,,
"705","神綺","Kamiki","touhou","Kamiki",,,,,,,,,,
"706","永江 衣玖","Iku Nagae","touhou","Iku Nagae",,,,,,,,,,
"707","比那名居 天子","Hinanai Tenko","touhou","Hinanai Tenko",,,,,,,,,,
"708","レイセン","Reisen","touhou","Reisen",,,,,,,,,,
"709","綿月 豊姫","Toyohime Watatsuki","touhou","Toyohime Watatsuki",,,,,,,,,,
"710","綿月 依姫","Yorihime Watatsuki","touhou","Yorihime Watatsuki",,,,,,,,,,
"711","キスメ","Kisume","touhou","Kisume",,,,,,,,,,
"712","黒谷 ヤマメ","Kurotani Yamame","touhou","Kurotani Yamame",,,,,,,,,,
"713","水橋 パルスィ","Mizuhashi Parsi","touhou","Mizuhashi Parsi",,,,,,,,,,
"714","星熊 勇儀","Yugi Hoshikuma","touhou","Yugi Hoshikuma",,,,,,,,,,
"715","古明地 さとり","Satori Komeiji","touhou","Satori Komeiji",,,,,,,,,,
"716","火焔猫 燐","Flame Cat Rin","touhou","Flame Cat Rin",,,,,,,,,,
"717","霊烏路 空","Lingwu Road Sky","touhou","Lingwu Road Sky",,,,,,,,,,
"718","古明地 こいし","Komeiji Koishi","touhou","Komeiji Koishi",,,,,,,,,,
"720","ナズーリン","Nazrin","touhou","Nazrin",,,,,,,,,,
"721","多々良 小傘","Tatara small umbrella","touhou","Tatara small umbrella",,,,,,,,,,
"722","雲居 一輪","One wheel of Kumoi","touhou","One wheel of Kumoi",,,,,,,,,,
"723","村紗 水蜜","Murasa Mizumitsu","touhou","Murasa Mizumitsu",,,,,,,,,,
"724","寅丸 星","Toramaru Hoshi","touhou","Toramaru Hoshi",,,,,,,,,,
"725","聖 白蓮","holy white lotus","touhou","holy white lotus",,,,,,,,,,
"726","封獣 ぬえ","Nue Nue","touhou","Nue Nue",,,,,,,,,,
"727","姫海棠 はたて","Himekaito Hatate","touhou","Himekaito Hatate",,,,,,,,,,
"728","茨木 華扇","Ibaraki Kasen","touhou","Ibaraki Kasen",,,,,,,,,,
"729","幽谷 響子","Kyoko Yuya","touhou","Kyoko Yuya",,,,,,,,,,
"730","宮古 芳香","Yoshika Miyako","touhou","Yoshika Miyako",,,,,,,,,,
"731","霍 青娥","Huo Qing'er","touhou","Huo Qing'er",,,,,,,,,,
"732","蘇我 屠自古","Soga Tojiko","touhou","Soga Tojiko",,,,,,,,,,
"733","物部 布都","Mononobe Futo","touhou","Mononobe Futo",,,,,,,,,,
"734","豊聡耳 神子","Toyosato Miko","touhou","Toyosato Miko",,,,,,,,,,
"735","二ッ岩 マミゾウ","Futaiwa Mamizou","touhou","Futaiwa Mamizou",,,,,,,,,,
"736","秦 こころ","Hata Kokoro","touhou","Hata Kokoro",,,,,,,,,,
"737","本居 小鈴","Kosuzu Motoori","touhou","Kosuzu Motoori",,,,,,,,,,
"740","わかさぎ姫","Princess Wakasagi","touhou","Princess Wakasagi",,,,,,,,,,
"741","赤蛮奇","red barbarian","touhou","red barbarian",,,,,,,,,,
"742","今泉影狼","Imaizumi Kagerou","touhou","Imaizumi Kagerou",,,,,,,,,,
"743","九十九弁々","Ninety-nine dialects","touhou","Ninety-nine dialects",,,,,,,,,,
"744","九十九八橋","Ninety-eight bridges","touhou","Ninety-eight bridges",,,,,,,,,,
"745","鬼人 正邪","Onijin right and wrong","touhou","Onijin right and wrong",,,,,,,,,,
"746","少名 針妙丸","Small name: Shinmyoumaru","touhou","Small name: Shinmyoumaru",,,,,,,,,,
"747","堀川雷鼓","Horikawa Raiko","touhou","Horikawa Raiko",,,,,,,,,,
"748","宇佐見 菫子","Sumireko Usami","touhou","Sumireko Usami",,,,,,,,,,
"749","清蘭","Seiran","touhou","Seiran",,,,,,,,,,
"750","鈴瑚","Suzugo","touhou","Suzugo",,,,,,,,,,
"751","ドレミー","doremy","touhou","doremy",,,,,,,,,,
"752","稀神サグメ","rare god sagume","touhou","rare god sagume",,,,,,,,,,
"799","先代巫女","previous shrine maiden","touhou","previous shrine maiden",,,,,,,,,,
"800","ヨーコ","Yoko","bastard!!","Yoko",,,,,,,,,,
"801","シーン","scene","bastard!!","scene",,,,,,,,,,
"802","カイ","Kai","bastard!!","Kai",,,,,,,,,,
"803","ネイ","Ney","bastard!!","Ney",,,,,,,,,,
"804","シェラ","Sierra","bastard!!","Sierra",,,,,,,,,,
"805","シーラ","sheila","bastard!!","sheila",,,,,,,,,,
"806","ミカエル","michael","bastard!!","michael",,,,,,,,,,
"807","ガブリエル","Gabriel","bastard!!","Gabriel",,,,,,,,,,
"808","ポルノ・ディアノ","Porn Diano","bastard!!","Porn Diano",,,,,,,,,,
"809","アシュタロス","Ashtaroth","bastard!!","Ashtaroth",,,,,,,,,,
"810","ビレト","Billet","bastard!!","Billet",,,,,,,,,,
"811","ペイモン","paymon","bastard!!","paymon",,,,,,,,,,
"818","妲己","妲子","houshin engi","(so dakki :1.3),(houshin engi:1.2),hair intakes,forehead",,"leotard","2",,,,,,,
"819","竜吉公主","Princess Ryuyoshi","houshin engi","(ryuukitsu koushu:1.2),(houshin engi:1.2),black hair,long hair",,,"0",,,,,,,
"820","胡喜媚","hu xie","houshin engi","hu xie",,,,,,,,,,
"821","王貴人","King Wang","houshin engi","King Wang",,,,,,,,,,
"825","シーダ","Cedar","fire emblem ","(caeda \(fire emblem\))",,,"4",,,,,,,
"827","リンダ","linda","fire emblem ","(linde \(fire emblem\))",,,"3",,,,,,,
"829","セリカ","celica","fire emblem ","(celica \(fire emblem\))",,,"3",,,,,,,
"831","ルキナ","Lucina","fire emblem ","(lucina \(fire emblem\))",,,"4",,,,,,,
"836","カムイ","Kamuy","fire emblem ","(corrin \(female\) \(fire emblem\) )",,,"4",,,,,,,
"838","カミラ","camilla","fire emblem ","(camilla \(fire emblem\)",,,"4",,,,,,,
"839","エリーゼ","Elise","fire emblem ","(elise \(fire emblem\)",,,"4",,,,,,,
"840","ヒノカ","Hinoka","fire emblem ","(hinoka \(fire emblem\)",,,"4",,,,,,,
"841","サクラ","Sakura","fire emblem ","(sakura \(fire emblem\)",,,"4",,,,,,,
"843","リンディス","Lindis","fire emblem ","(lyn \(fire emblem\))",,,"4",,,,,,,
"863","ウルスラ","ursula","fire emblem ","(ursula \(fire emblem\)",,,"3",,,,,,,
"864","ソーニャ","Sonya","fire emblem ","(sonia \(fire emblem: the blazing blade\):1.5),black hair,long hair,messy hair",,,"-1","作品タグでリン成分が混ざる",,,,,,
"865","リムステラ","Rim Stella","fire emblem ","Rim Stella",,,,,,,,,,
"884","セシリア","Cecilia","fire emblem ","(cecilia \(fire emblem\)",,,"4",,,,,,,
"888","ブルーニャ","Brunya","fire emblem ","Brunya",,,,,,,,,,
"889","イドゥン","Idun","fire emblem ","Idun",,,,,,,,,,
"890","ギネヴィア","Guinevere","fire emblem ","Guinevere",,,,,,,,,,
"1100","高町 なのは","Nanoha Takamachi","mahou shoujo lyrical nanoha","takamachi nanoha",,,"3","もちろん学習は十分なので頭身・髪型のぶれを工夫で補うべし",,,,,,
"1101","フェイト・T・H","Fate T.H.","mahou shoujo lyrical nanoha","fate testarossa",,,"3","同上",,,,,,
"1102","八神 はやて","Hayate Yagami","mahou shoujo lyrical nanoha","yagami hayate",,,"4",,,,,,,
"1103","シグナム","signum","mahou shoujo lyrical nanoha","signum",,,"4",,,,,,,
"1104","ヴィータ","Vita","mahou shoujo lyrical nanoha","vita \(nanoha\)",,,"4",,,,,,,
"1105","シャマル","Shamal","mahou shoujo lyrical nanoha","Shamal",,,,,,,,,,
"1106","スバル","subaru","mahou shoujo lyrical nanoha","subaru",,,,,,,,,,
"1107","ティアナ","Tiana","mahou shoujo lyrical nanoha","Tiana",,,,,,,,,,
"1108","エリオ","Elio","mahou shoujo lyrical nanoha","Elio",,,,,,,,,,
"1109","キャロ","Caro","mahou shoujo lyrical nanoha","Caro",,,,,,,,,,
"1111","ギンガ","Ginga","mahou shoujo lyrical nanoha","Ginga",,,,,,,,,,
"1118","ウーノ","Uno","mahou shoujo lyrical nanoha","Uno",,,,,,,,,,
"1119","ドゥーエ","Duet","mahou shoujo lyrical nanoha","Duet",,,,,,,,,,
"1120","トーレ","Torre","mahou shoujo lyrical nanoha","Torre",,,,,,,,,,
"1121","クアットロ","Quattro","mahou shoujo lyrical nanoha","Quattro",,,,,,,,,,
"1135","高町 ヴィヴィオ","Vivio Takamachi","mahou shoujo lyrical nanoha","vivio",,,"4",,,,,,,
"1136","アインハルト","Einhardt","mahou shoujo lyrical nanoha","Einhardt",,,,,,,,,,
"1160","なのは","Nanoha","mahou shoujo lyrical nanoha","takamachi nanoha,__mature female__",,,"4",,,,,,,
"1161","フェイト","fate","mahou shoujo lyrical nanoha","fate testarossa,__mature female__",,,"4",,,,,,,
"1162","はやて","Hayate","mahou shoujo lyrical nanoha","yagami hayate,__mature female__",,,"4",,,,,,,
"1180","木之本 桜","Kinomoto Sakura","cardcaptor sakura","Kinomoto Sakura",,,"4",,,,,,,
"1181","大道寺 知世","Daidoji Tomoyo","cardcaptor sakura","Daidoji Tomoyo",,,"4",,,,,,,
"1182","ケルベロス","Cerberus","cardcaptor sakura","Cerberus",,,,,,,,,,
"1183","李 小狼","Lee Syaoran","cardcaptor sakura","Lee Syaoran",,,,,,,,,,
"1184","木之本 桃矢","Momoya Kinomoto","cardcaptor sakura","Momoya Kinomoto",,,,,,,,,,
"1185","月城 雪兎","Tsukishiro Yukito","cardcaptor sakura","Tsukishiro Yukito",,,,,,,,,,
"1186","観月 歌帆","Kaho Mizuki","cardcaptor sakura","Kaho Mizuki",,,,,,,,,,
"1187","寺田 良幸","Yoshiyuki Terada","cardcaptor sakura","Yoshiyuki Terada",,,,,,,,,,
"1188","佐々木 利佳","Rika Sasaki","cardcaptor sakura","Rika Sasaki",,,,,,,,,,
"1189","柳沢 奈緒子","Naoko Yanagisawa","cardcaptor sakura","Naoko Yanagisawa",,,,,,,,,,
"1190","李 苺鈴","Lee Strawberry","cardcaptor sakura","Lee Strawberry",,,,,,,,,,
"1191","三原 千春","Chiharu Mihara","cardcaptor sakura","Chiharu Mihara",,,,,,,,,,
"1192","山崎 貴史","Takashi Yamazaki","cardcaptor sakura","Takashi Yamazaki",,,,,,,,,,
"1193","柊沢 エリオル","Eriol Hiragizawa","cardcaptor sakura","Eriol Hiragizawa",,,,,,,,,,
"1194","スピネル・サン","spinel sun","cardcaptor sakura","spinel sun",,,,,,,,,,
"1195","秋月 奈久留","Akizuki Nakuru","cardcaptor sakura","Akizuki Nakuru",,,,,,,,,,
"1196","ミラー（鏡）","mirror","cardcaptor sakura","mirror",,,,,,,,,,
"1200","鹿目 まどか","Madoka Kaname","mahou shoujo madoka magica","kaname madoka",,,"4",,,,,,,
"1201","美樹 さやか","Sayaka Miki","mahou shoujo madoka magica","miki sayaka",,,"4",,,,,,,
"1202","巴 マミ","Mami Tomoe","mahou shoujo madoka magica","tomoe mami",,,"4",,,,,,,
"1203","佐倉 杏子","Kyoko Sakura","mahou shoujo madoka magica","sakura kyoko",,,"4",,,,,,,
"1204","暁美 ほむら","Homura Akemi","mahou shoujo madoka magica","akemi homura",,,"4",,,,,,,
"1205","若葉 みらい","Mirai Wakaba","mahou shoujo madoka magica","wakaba mirai",,,"0",,,,,,,
"1210","美墨 なぎさ","Misumi Nagisa","precure","(misumi nagisa:1.2),futari wa precure",,"cure black","4","cure black/red blazer/あるいは私服で衣装固定しないとぶれる",,,,,,
"1211","雪城 ほのか","Yukishiro Honoka","precure","(yukishiro honoka:1.2),futari wa precure",,"cure white","4","ブラック同様",,,,,,
"1230","花咲 つぼみ","Hanasaki bud","precure","Hanasaki bud",,,,,,,,,,
"1231","来海 えりか","Erika Kurumi","precure","Erika Kurumi",,,,,,,,,,
"1232","明堂院 いつき","Myodoin Itsuki","precure","Myodoin Itsuki",,,,,,,,,,
"1233","月影 ゆり","Yuri Tsukikage","precure","Yuri Tsukikage",,,,,,,,,,
"1234","ダークプリキュア","dark precure","precure","dark precure",,,,,,,,,,
"1242","黄瀬 やよい","Yayoi Kise","precure","(kise yayoi:1.1),smile precure!",,"school uniform.yellow cardigan","4",,,,,,,
"1500","天海 春香","Haruka Amami","idolmaster","amami haruka",,,"5",,,,,,,
"1501","如月 千早","Chihaya Kisaragi","idolmaster","kisaragi chihaya",,,"5",,,,,,,
"1502","萩原 雪歩","Yukiho Hagiwara","idolmaster","hagiwara yukiho",,,"5",,,,,,,
"1503","高槻 やよい","Yayoi Takatsuki","idolmaster","takatsuki yayoi",,,"5",,,,,,,
"1504","秋月 律子","Ritsuko Akizuki","idolmaster","akizuki ritsuko",,,"5",,,,,,,
"1505","三浦 あずさ","Azusa Miura","idolmaster","miura azusa,short hair",,,"4","髪の長さ指定必要",,,,,,
"1506","水瀬 伊織","Iori Minase","idolmaster","minase iori",,,"5",,,,,,,
"1507","菊地 真","Makoto Kikuchi","idolmaster","kikuchi makoto",,,"5",,,,,,,
"1508","双海 亜美","Ami Futami","idolmaster","futami ami",,,"5",,,,,,,
"1509","双海 真美","Mami Futami","idolmaster","futami mami",,,"5",,,,,,,
"1510","星井 美希","Miki Hoshii","idolmaster","hoshii miki",,,"5",,,,,,,
"1511","音無 小鳥","Otonashi Kotori","idolmaster","otonashi kotori",,,"5",,,,,,,
"1512","我那覇 響","Hibiki Ganaha","idolmaster","ganaha hibiki",,,"5",,,,,,,
"1513","四条 貴音","Takane Shijo","idolmaster","shijou takane",,,"5",,,,,,,
"1514","日高 愛","Ai Hidaka","idolmaster","hidaka ai",,,"3",,,,,,,
"1515","水谷 絵理","Eri Mizutani","idolmaster","mizutani eri",,,"3",,,,,,,
"1516","秋月 涼","Ryo Akizuki","idolmaster","akizuki ryo",,,"3",,,,,,,
"1517","日高 舞","Mai Hidaka","idolmaster","(hidaka mai:1.2),idolmaster",,,"3",,,,,,,
"1550","島村 卯月","Uzuki Shimamura","idolmaster cinderella girls","Shimamura Uzuki",,,"5",,,,,,,
"1552","水本 ゆかり","Yukari Mizumoto","idolmaster cinderella girls","(Mizumoto Yukari:1.2),(idolmaster cinderella girls)",,,"3",,,,,,,
"1556","持田 亜里沙","Arisa Mochida","idolmaster cinderella girls","(Mochida Arisa:1.2),(idolmaster cinderella girls)",,,"3",,,,,,,
"1564","櫻井桃華","Momoka Sakurai","idolmaster cinderella girls","Sakurai Momoka",,,"5",,,,,,,
"1575","一ノ瀬 志希","Shiki Ichinose","idolmaster cinderella girls","Ichinose Shiki",,,"5",,,,,,,
"1576","前川 みく","Miku Maekawa","idolmaster cinderella girls","Maekawa Miku",,,"4","猫耳をネガるかポジるかどっちかにする",,,,,,
"1579","相原 雪乃","Yukino Aihara","idolmaster cinderella girls","(Aihara Yukino:1.5),(idolmaster cinderella girls:1.5),(dark brown hair:1.4),braid",,,"-1","無理みたい。名前は入れない方がマシ",,,,,,
"1580","宮本 フレデリカ","Frederica Miyamoto","idolmaster cinderella girls","Miyamoto Frederica",,,"3",,,,,,,
"1581","小早川 紗枝","Sae Kobayakawa","idolmaster cinderella girls","Kobayakawa Sae",,,,,,,,,,
"1582","西園寺 琴歌","Saionji Kotoka","idolmaster cinderella girls","Kotoka Saionji",,,,,,,,,,
"1583","双葉 杏","Anzu Futaba","idolmaster cinderella girls","Futaba Anzu",,,,,,,,,,
"1586","涼宮 星花","Suzumiya Hoshika","idolmaster cinderella girls","Hoshika Suzumiya",,,,,,,,,,
"1603","クラリス","clarice","idolmaster cinderella girls","clarice",,,,,,,,,,
"1630","渋谷 凛","Rin Shibuya","idolmaster cinderella girls","Shibuya Rin",,,"5",,,,,,,
"1636","川島 瑞樹","Mizuki Kawashima","idolmaster cinderella girls","Kawashima Mizuki",,,,,,,,,,
"1641","多田 李衣菜","Rina Tada","idolmaster cinderella girls","Tada Rina",,,,,,,,,,
"1642","水木 聖來","Seiki Mizuki","idolmaster cinderella girls","Mizuki Seiki",,,,,,,,,,
"1644","三船 美優","Miyu Mifune","idolmaster cinderella girls","Mifune Miyu",,,,,,,,,,
"1648","新田 美波","Minami Nitta","idolmaster cinderella girls","Nitta Minami",,,,,,,,,,
"1649","水野 翠","Midori Mizuno","idolmaster cinderella girls","Mizuno Midori",,,,,,,,,,
"1651","橘ありす","Alice Tachibana","idolmaster cinderella girls","tachibana arisu",,,"5",,,,,,,
"1652","鷺沢文香","Fumika Sagisawa","idolmaster cinderella girls","Sagisawa Fumika",,,"4",,,,,,,
"1653","八神 マキノ","Makino Yagami","idolmaster cinderella girls","Yagami Makino",,,,,,,,,,
"1659","高峯 のあ","Noa Takamine","idolmaster cinderella girls","Takamine Noa",,,,,,,,,,
"1660","高垣 楓","Kaede Takagaki","idolmaster cinderella girls","Takagaki Kaede",,,,,,,,,,
"1661","神崎 蘭子","Ranko Kanzaki","idolmaster cinderella girls","Kanzaki Ranko",,,"4",,,,,,,
"1666","瀬名 詩織","Shiori Sena","idolmaster cinderella girls","Sena Shiori",,,,,,,,,,
"1670","和久井 留美","Rumi Wakui","idolmaster cinderella girls","Wakui Rumi",,,,,,,,,,
"1672","梅木 音葉","Umeki Otoha","idolmaster cinderella girls","Otoha Umeki",,,,,,,,,,
"1679","塩見 周子","Shuko Shiomi","idolmaster cinderella girls","Shiomi Shuko",,,,,,,,,,
"1682","速水 奏","Kanade Hayami","idolmaster cinderella girls","Hayami Kanade",,,,,,,,,,
"1683","大石 泉","Izumi Oishi","idolmaster cinderella girls","Oishi Izumi",,,,,,,,,,
"1686","アナスタシア","anastasia","idolmaster cinderella girls","anastasia",,,,,,,,,,
"1689","二宮 飛鳥","Asuka Ninomiya","idolmaster cinderella girls","Ninomiya Asuka",,,,,,,,,,
"1710","本田 未央","Mio Honda","idolmaster cinderella girls","Honda Mio",,,"4",,,,,,,
"1730","星 輝子","Teruko Hoshi","idolmaster cinderella girls","Hoshi Teruko",,,,,,,,,,
"1731","片桐 早苗","Sanae Katagiri","idolmaster cinderella girls","Katagiri Sanae",,,,,,,,,,
"1732","堀 裕子","Yuko Hori","idolmaster cinderella girls","Hori Yuko",,,,,,,,,,
"1735","財前 時子","Tokiko Zaizen","idolmaster cinderella girls","Zaizen Tokiko",,,,,,,,,,
"1736","依田 芳乃","Yoshino Yoda","idolmaster cinderella girls","yorita yoshino",,,"4",,,,,,,
"1741","城ヶ崎 美嘉","Mika Jogasaki","idolmaster cinderella girls","jougasaki mika,(ponytail:0.8)",,,"4","髪を指定しないとぶれる",,,,,,
"1745","諸星 きらり","Kirari Moroboshi","idolmaster cinderella girls","moroboshi kirari",,,"4",,,,,,,
"1746","十時 愛梨","10:00 Airi","idolmaster cinderella girls","Totoki Airi",,,"4",,,,,,,
"1747","ナターリア","Natalia","idolmaster cinderella girls","natalia \(idolmaster\)",,,"3",,,,,,,
"1800","七草 はづき","Hazuki Nanakusa","idolmaster shiny colors","Nanakusa Hazuki,idolmaster shiny colors",,,"4",,,,,,,
"1801","櫻木 真乃","Mano Sakuragi","idolmaster shiny colors","sakuragi mano,idolmaster shiny colors",,,"4",,,,,,,
"1802","風野 灯織","Toori Kazeno","idolmaster shiny colors","kazano hiori,idolmaster shiny colors",,,"4",,,,,,,
"1803","八宮 めぐる","Meguru Hachinomiya","idolmaster shiny colors","Hachimiya Meguru,idolmaster shiny colors",,,"4",,,,,,,
"1810","月岡 恋鐘","Tsukioka Koikane","idolmaster shiny colors","tsukioka kogane,idolmaster shiny colors",,,"4",,,,,,,
"1811","田中 摩美々","Mami Tanaka","idolmaster shiny colors","tanaka mamimi,idolmaster shiny colors",,,"4",,,,,,,
"1812","白瀬 咲耶","Sakuya Shirase","idolmaster shiny colors","Shirase Sakuya,idolmaster shiny colors",,,"4",,,,,,,
"1813","三峰 結華","Yuka Mitsumine","idolmaster shiny colors","(Mitsumine yuika:1.2),(idolmaster shiny colors:1.2),glasses,twintails",,,"3",,,,,,,
"1814","幽谷 霧子","Kiriko Yuya","idolmaster shiny colors","yukoku kiriko,idolmaster shiny colors",,,"4",,,,,,,
"1820","桑山 千雪","Chiyuki Kuwayama","idolmaster shiny colors","Kuwayama Chiyuki,idolmaster shiny colors",,,"4",,,,,,,
"1821","大崎 甜花","Tenka Osaki","idolmaster shiny colors","Osaki Tenka,idolmaster shiny colors",,,"4",,,,,,,
"1822","大崎 甘奈","Amana Osaki","idolmaster shiny colors","Osaki Amana,idolmaster shiny colors",,,"4",,,,,,,
"1830","小宮 果穂","Kaho Komiya","idolmaster shiny colors","Komiya Kaho,idolmaster shiny colors",,,"4",,,,,,,
"1831","西城 樹里","Juri Saijo","idolmaster shiny colors","Saijo Juri,idolmaster shiny colors",,,"4",,,,,,,
"1832","有栖川 夏葉","Natsuha Arisugawa","idolmaster shiny colors","Arisugawa Natsuha,idolmaster shiny colors",,,"4",,,,,,,
"1833","杜野 凛世","Rinyo Morino","idolmaster shiny colors","Morino Rinze,idolmaster shiny colors",,,"4",,,,,,,
"1834","園田 智代子","Chiyoko Sonoda","idolmaster shiny colors","Sonoda Chiyoko,idolmaster shiny colors",,,"4",,,,,,,
"2001","絢瀬 絵里","Eri Ayase","love live!","ayase eli,(love live!:0.8)",,,"4",,,,,,,
"2002","南 ことり","Kotori Minami","love live!","Minami Kotori,(love live!:0.8)",,,"4",,,,,,,
"2003","園田 海未","Umi Sonoda","love live!","Sonoda Umi,(love live!:0.8)",,,"4",,,,,,,
"2004","星空 凜","Rin Hoshizora","love live!","Hoshizora Rin,(love live!:0.8)",,,"4",,,,,,,
"2005","西木乃 真姫","Maki Nishikino","love live!","Nishikino Maki,(love live!:0.8)",,,"4",,,,,,,
"2006","東條 希","Nozomi Tojo","love live!","Tojo Nozomi,(love live!:0.8)",,,"4",,,,,,,
"2007","小泉 花陽","Hanayo Koizumi","love live!","Koizumi Hanayo,(love live!:0.8)",,,"4",,,,,,,
"2008","矢澤 にこ","Nico Yazawa","love live!","Yazawa Nico,(love live!:0.8)",,,"4",,,,,,,
"2100","絢辻 詞","Ayatsuji lyrics","amagami","ayatsuji tsukasa,amagami",,,"4",,,,,,,
"2101","桜井 梨穂子","Rihoko Sakurai","amagami","Sakurai Rihoko",,,,,,,,,,
"2102","棚町 薫","Kaoru Tanamachi","amagami","Tanamachi Kaoru",,,,,,,,,,
"2103","中多 紗江","Sae Nakata","amagami","Nakata Sae",,,,,,,,,,
"2104","七咲 逢","Nanasaki Ai","amagami","Ai Nanasaki",,,,,,,,,,
"2105","森島 はるか","Haruka Morishima","amagami","Morishima Haruka",,,,,,,,,,
"2106","塚原 響","Hibiki Tsukahara","amagami","Tsukahara Hibiki",,,,,,,,,,
"2107","上崎 裡沙","Isa Uesaki","amagami","Uesaki Isa",,,,,,,,,,
"2108","橘 美也","Miya Tachibana","amagami","Tachibana Miya",,,,,,,,,,
"2109","高橋 麻耶","Maya Takahashi","amagami","Takahashi Maya",,,,,,,,,,
"2110","伊藤 香苗","Kanae Ito","amagami","Ito Kanae",,,,,,,,,,
"2111","田中 恵子","Keiko Tanaka","amagami","Tanaka Keiko",,,,,,,,,,
"2112","飛羽 愛歌","Toba Aika","amagami","Aika Toba",,,,,,,,,,
"2113","夕月 琉璃子","Ruriko Yuzuki","amagami","Yuzuki Ruriko",,,,,,,,,,
"2120","星乃 結美","Yumi Hoshino","キミキス","(Hoshino Yuumi:1.4),(kimi kiss:1.2)",,,"1",,,,,,,
"2121","里仲 なるみ","Narumi Satonaka","キミキス","Satonaka Narumi",,,,,,,,,,
"2122","水澤 摩央","Mao Mizusawa","キミキス","(mizusawa mao:1.4),(kimi kiss:1.2),braid",,,"2",,,,,,,
"2123","咲野 明日夏","Sakino Tomorrow Summer","キミキス","Tomorrow Summer Sakino",,,,,,,,,,
"2124","二見 瑛理子","Eriko Futami","キミキス","Futami Eriko",,,,,,,,,,
"2125","祇条 深月","Gijo Mitsuki","キミキス","Mitsuki Gijo",,,,,,,,,,
"2135","高嶺 愛花","Aika Takamine","love plus","(takane manaka:1.1),love plus",,,"4",,,,,,,
"2136","小早川 凛子","Rinko Kobayakawa","love plus","(Kobayakawa Rinko:1.1),love plus",,,"4",,,,,,,
"2137","姉ヶ崎 寧々","Nene Anegasaki","love plus","(Anegasaki Nene:1.1),love plus",,,"4",,,,,,,
"2140","葦月 伊織","Iori Ashizuki","i""""s","yoshizuki iori,i""s",,,"2",,,,,,,
"2141","秋葉 いつき","Itsuki Akiba","i""""s","Itsuki Akiba",,,,,,,,,,
"2142","磯崎 泉","Izumi Isozaki","i""""s","Izumi Isozaki",,,,,,,,,,
"2150","東城 綾","Aya Tojo","ichigo 100 percent","(toujou aya:1.2),(ichigo 100 percent:1.2)",,,"2",,,,,,,
"2151","西野 つかさ","Tsukasa Nishino","ichigo 100 percent","(nishino tsukasa:1.4),(ichigo 100 percent:1.2),blonde hair,very short hair",,,"-1","赤い髪の子に持っていかれている",,,,,,
"2152","北大路 さつき","Satsuki Kitaoji","ichigo 100 percent","Satsuki Kitaoji",,,,,,,,,,
"2153","南戸 唯","Yui Nanto","ichigo 100 percent","Yui Nanto",,,,,,,,,,
"2154","外村 美鈴","Misuzu Tonomura","ichigo 100 percent","Misuzu Tonomura",,,,,,,,,,
"2160","涼宮 ハルヒ","Haruhi Suzumiya","suzumiya haruhi no yuuutsu","suzumiya haruhi",,,"5",,,,,,,
"2161","長門 有希","Yuki Nagato","suzumiya haruhi no yuuutsu","nagato yuki",,,"5",,,,,,,
"2162","朝比奈 みくる","Mikuru Asahina","suzumiya haruhi no yuuutsu","asahina mikuru",,,"4",,,,,,,
"2163","朝倉 涼子","Ryoko Asakura","suzumiya haruhi no yuuutsu","asakura ryouko",,,"4",,,,,,,
"2164","鶴屋さん","Mr. Tsuruya","suzumiya haruhi no yuuutsu","yuusaki riko,to love-ru",,,"4",,,,,,,
"2170","夕崎 梨子","Riko Yusaki","to love-ru","(yuusaki riko:1.1),to love-ru",,,"4",,,,,,,
"2171","ララ","Lara","to love-ru","lala satalin deviluke,to love-ru",,,"4",,,,,,,
"2172","西連寺 春菜","Sairenji Haruna","to love-ru","Sairenji Haruna,to love-ru",,,"4",,,,,,,
"2174","結城 美柑","Mikan Yuki","to love-ru","yuuki mikan,to love-ru",,,"4",,,,,,,
"2175","ヤミ","Yami","to love-ru","konjiki no yami,to love-ru",,,"4",,,,,,,
"2176","古手川 唯","Yui Kotegawa","to love-ru","Kotegawa Yui,to love-ru",,,"4",,,,,,,
"2177","ナナ","nana","to love-ru","nana asta deviluke,to love-ru,twintails",,,"3","twintailsがないとモモ化",,,,,,
"2178","モモ","Momo","to love-ru","momo velia deviluke,to love-ru",,,"4",,,,,,,
"2179","黒咲 芽亜","Mea Kurosaki","to love-ru","kurosaki mea,to love-ru",,,"4",,,,,,,
"2180","籾岡 里紗","Risa Momioka","to love-ru","momioka risa,to love-ru",,,"4",,,,,,,
"2186","天条院 沙姫","Saki Tenjoin","to love-ru","(tenjouin saki:1.2),to love-ru,double bun,drill hair,long hair",,,"3","名前はかなり弱い。髪型指定してやればなんとか",,,,,,
"2187","九条 凛","Rin Kujo","to love-ru","(kujou rin:1.2),(to love-ru:1.2),black hair,hair intakes,ponytail",,,"2","名前はかなり弱い。髪型指定しても顔つきが凛としてないと違和感がすごい",,,,,,
"2188","藤崎 綾","Aya Fujisaki","to love-ru","(fujisaki aya \(to love-ru\):1.2) ,(to love-ru:1.2),blunt bangs,glasses",,,"1","何も知らない",,,,,,
"2189","御門 涼子","Ryoko Mikado","to love-ru","mikado ryouko,to love-ru",,,"4",,,,,,,
"2190","ティアーユ","Tearyu","to love-ru","tearju lunatique,to love-ru,glasses",,,"4","mature female等がつくようにしたほうがいいと思う",,,,,,
"2195","ネメシス","Nemesis","to love-ru","master nemesis ,to love-ru",,,"4",,,,,,,
"2201","リアス・グレモリー","Rias Gremory","ハイスクールD×D","Rias Gremory",,,,,,,,,,
"2202","アーシア・アルジェント","Asia Argento","ハイスクールD×D","Asia Argento",,,,,,,,,,
"2203","姫島朱乃","Himejima Akeno","ハイスクールD×D","Himejima Akeno",,,,,,,,,,
"2204","塔城小猫","Tojo Koneko","ハイスクールD×D","Tojo Koneko",,,,,,,,,,
"2206","ゼノヴィア","Xenovia","ハイスクールD×D","Xenovia",,,,,,,,,,
"2207","紫藤イリナ","Shifuji Irina","ハイスクールD×D","Shifuji Irina",,,,,,,,,,
"2208","レイヴェル・フェニックス","ravel phoenix","ハイスクールD×D","ravel phoenix",,,,,,,,,,
"2218","黒歌","black song","ハイスクールD×D","black song",,,,,,,,,,
"2300","可憐","Pretty","シスター・プリンセス","karen \(sister princess\)",,,"1",,,,,,,
"2301","花穂","flower spike","シスター・プリンセス","chikage \(sister princess\)",,,"-1","作品名で茶髪ロングの娘しか出なくなる",,,,,,
"2302","衛","Mamoru","シスター・プリンセス","Mamoru",,,,,,,,,,
"2303","咲耶","Sakuya","シスター・プリンセス","sakuya \(sister princess\)",,,"-1",,,,,,,
"2304","雛子","Hinako","シスター・プリンセス","Hinako",,,,,,,,,,
"2305","鞠絵","Mari-e","シスター・プリンセス","Mari-e",,,,,,,,,,
"2306","白雪","Shirayuki","シスター・プリンセス","Shirayuki",,,,,,,,,,
"2307","鈴凛","Suzu Rin","シスター・プリンセス","Suzu Rin",,,,,,,,,,
"2308","千影","Chikage","シスター・プリンセス","Chikage",,,,,,,,,,
"2309","春歌","Spring song","シスター・プリンセス","Spring song",,,,,,,,,,
"2310","四葉","Yotsuba","シスター・プリンセス","Yotsuba",,,,,,,,,,
"2311","亞里亞","aria","シスター・プリンセス","aria",,,,,,,,,,
"2315","飛鳥","Asuka","閃乱カグラ","(asuka \(senran kagura\)),(official art:1.2)",,,"4",,,,,,,
"2316","斑鳩","Ikaruga","閃乱カグラ","(ikaruga \(senran kagura\)),(official art:1.2)",,,"3",,,,,,,
"2317","葛城","Katsuragi","閃乱カグラ","(katsuragi \(senran kagura\)),(official art:1.2)",,,"4",,,,,,,
"2318","柳生","Yagyu","閃乱カグラ","(yagyu \(senran kagura\)),(official art:1.2),eyepatch",,,"3",,,,,,,
"2319","雲雀","Hibari","閃乱カグラ","(hibari \(senran kagura\)),(official art:1.2)",,,"4",,,,,,,
"2320","大道寺先輩","Daidoji senior","閃乱カグラ","(daidouji \(senran kagura\)),(official art:1.2)",,,"1",,,,,,,
"2321","焔","flame","閃乱カグラ","(homura \(senran kagura\)),(official art:1.2)",,,"3",,,,,,,
"2322","詠","Poetry","閃乱カグラ","(yomi \(senran kagura\)),(official art:1.2)",,,"4",,,,,,,
"2323","日影","shadow","閃乱カグラ","(hikage \(senran kagura\)),(official art:1.2)",,,"3",,,,,,,
"2324","未来","future","閃乱カグラ","(mirai \(senran kagura\)),(official art:1.2),long hair,eyepatch",,,"3",,,,,,,
"2325","春花","spring flowers","閃乱カグラ","(haruka \(senran kagura\)),(official art:1.2)",,,"4",,,,,,,
"2332","雪泉","Yukisen","閃乱カグラ","(yumi \(senran kagura\)),(official art:1.2)",,,"4",,,,,,,
"2333","叢","plexus","閃乱カグラ","(murakumo \(senran kagura\)),(official art:1.2)",,,"2",,,,,,,
"2334","夜桜","Cherry blossoms at night","閃乱カグラ","(yozakura \(senran kagura\)),(official art:1.2), black hair",,,"3",,,,,,,
"2335","四季","four seasons","閃乱カグラ","(shiki \(senran kagura\)),(official art:1.2),blonde hair,long hair",,,"2",,,,,,,
"2336","美野里","Minori","閃乱カグラ","(minori \(senran kagura\)),(official art:1.2)",,,"3",,,,,,,
"3000","かすみ","Kasumi","DEAD OR ALIVE","Kasumi",,,,,,,,,,
"3001","あやね","Ayane","DEAD OR ALIVE","Ayane",,,,,,,,,,
"3002","レイファン","lei fan","DEAD OR ALIVE","lei fan",,,,,,,,,,
"3003","ティナ","Tina","DEAD OR ALIVE","Tina",,,,,,,,,,
"3004","エレナ","Elena","DEAD OR ALIVE","Elena",,,,,,,,,,
"3005","クリスティ","christie","DEAD OR ALIVE","christie",,,,,,,,,,
"3006","ヒトミ","Hitomi","DEAD OR ALIVE","Hitomi",,,,,,,,,,
"3007","こころ","heart","DEAD OR ALIVE","heart",,,,,,,,,,
"3008","リサ","Lisa","DEAD OR ALIVE","Lisa",,,,,,,,,,
"3009","マリー","marie","DEAD OR ALIVE","marie",,,,,,,,,,
"3010","レイチェル","rachel","DEAD OR ALIVE","rachel",,,,,,,,,,
"3011","紅葉","autumn leaves","DEAD OR ALIVE","autumn leaves",,,,,,,,,,
"3012","女天狗","female tengu","DEAD OR ALIVE","female tengu",,,,,,,,,,
"3013","みさき","Misaki","DEAD OR ALIVE","Misaki",,,,,,,,,,
"3014","ルナ","luna","DEAD OR ALIVE","luna",,,,,,,,,,
"3015","たまき","Tamaki","DEAD OR ALIVE","Tamaki",,,,,,,,,,
"3016","フィオナ","fiona","DEAD OR ALIVE","fiona",,,,,,,,,,
"3017","なぎさ","Nagisa","DEAD OR ALIVE","Nagisa",,,,,,,,,,
"3018","カンナ","Kanna","DEAD OR ALIVE","Kanna",,,,,,,,,,
"3019","モニカ","Monica","DEAD OR ALIVE","Monica",,,,,,,,,,
"3020","さゆり","Sayuri","DEAD OR ALIVE","Sayuri",,,,,,,,,,
"3021","パティ","patty","DEAD OR ALIVE","patty",,,,,,,,,,
"3030","御坂 美琴","Mikoto Misaka","とある魔術の禁書目録","misaka mikoto",,,"5",,,,,,,
"3031","御坂妹","Misaka sister","とある魔術の禁書目録","misaka imouto, toaru kagaku no railgun",,"(head-mounted display on head)","3","頭のやつのデザインが出ない。無表情っぽくはなる",,,,,,
"3032","白井 黒子","Kuroko Shirai","とある魔術の禁書目録","shirai kuroko",,,"5",,,,,,,
"3033","初春 飾利","Early spring Kazari","とある科学の超電磁砲","uiharu kazari",,,"4",,,,,,,
"3034","佐天 涙子","Saten Ruiko","とある科学の超電磁砲","Saten Ruiko",,,"5",,,,,,,
"3036","固法 美偉","Miwei Koho","とある科学の超電磁砲","Miwei Koho",,,,,,,,,,
"3037","婚后 光子","Mitsuko after marriage","とある科学の超電磁砲","Mitsuko after marriage",,,,,,,,,,
"3038","結標 淡希","Atsushi Ataki","とある科学の超電磁砲","Atsushi Ataki",,,,,,,,,,
"3039","布束 砥信","Tonobu Nunotsuke","とある科学の超電磁砲","Tonobu Nunotsuke",,,,,,,,,,
"3040","麦野 沈利","Mugino Shiri","とある魔術の禁書目録","mugino shizuri",,,"3",,,,,,,
"3041","絹旗 最愛","silk flag darling","とある魔術の禁書目録","silk flag darling",,,,,,,,,,
"3042","フレンダ","friend","とある魔術の禁書目録","frenda seivelun",,,"4",,,,,,,
"3043","滝壺 理后","Rigo Takitsubo","とある魔術の禁書目録","Rigo Takitsubo",,,,,,,,,,
"3044","食蜂 操祈","Shokuhou Misaki","とある魔術の禁書目録","shokuhou misaki",,,"4",,,,,,,
"3055","姫神 秋沙","Akisa Himegami","とある魔術の禁書目録","Akisa Himegami",,,,,,,,,,
"3056","吹寄 制理","Seiji Fukiyose","とある魔術の禁書目録","Seiji Fukiyose",,,,,,,,,,
"3057","風斬 氷華","Wind Slash Hyouka","とある魔術の禁書目録","Wind Slash Hyouka",,,,,,,,,,
"3058","打ち止め","discontinuation","とある魔術の禁書目録","last order \(toaru majutsu no index\)",,,"4",,,,,,,
"3065","インデックス","index","とある魔術の禁書目録","index \(toaru majutsu no index\), silver hair,white coif",,,"3","指定しないと金髪になる。coifがないと顔つきの再現度が下がる",,,,,,
"3066","神裂 火織","Kanzaki Kaori","とある魔術の禁書目録","Kanzaki Kaori",,,"4",,,,,,,
"3067","シェリー","sherry","とある魔術の禁書目録","sherry",,,,,,,,,,
"3068","オルソラ","Orsola","とある魔術の禁書目録","orsola aquinas",,,"3",,,,,,,
"3069","ローラ","Laura","とある魔術の禁書目録","Laura",,,,,,,,,,
"3071","アニェーゼ","Agnese","とある魔術の禁書目録","Agnese",,,,,,,,,,
"3072","ルチア","Lucia","とある魔術の禁書目録","Lucia",,,,,,,,,,
"3073","アンジェレネ","Angelene","とある魔術の禁書目録","Angelene",,,,,,,,,,
"3076","オリアナ","Oriana","とある魔術の禁書目録","Oriana",,,,,,,,,,
"3090","月詠 小萌","Tsukuyomi Komoe","とある魔術の禁書目録","Tsukuyomi Komoe",,,"4",,,,,,,
"3091","黄泉川 愛穂","Aiho Yomikawa","とある魔術の禁書目録","Aiho Yomikawa",,,,,,,,,,
"3092","芳川 桔梗","Kikyo Yoshikawa","とある魔術の禁書目録","Kikyo Yoshikawa",,,,,,,,,,
"3094","木山 春生","Haruo Kiyama","とある科学の超電磁砲","Haruo Kiyama",,,,,,,,,,
"3096","御坂 美鈴","Misuzu Misaka","とある魔術の禁書目録","Misuzu Misaka",,,,,,,,,,
"3115","神代 琴音","Kamishiro Kotone","母娘乱館","Kamishiro Kotone",,,,,,,,,,
"3116","神代 紗夜","Saya Kamishiro","母娘乱館","Saya Kamishiro",,,,,,,,,,
"3117","神代 莉々子","Ririko Kamishiro","母娘乱館","Ririko Kamishiro",,,,,,,,,,
"3118","雪乃","Yukino","母娘乱館","Yukino",,,,,,,,,,
"3120","風間 飛鳥","Asuka Kazama","鉄拳","Asuka Kazama",,,,,,,,,,
"3121","リリ","Lily","鉄拳","Lily",,,,,,,,,,
"3122","リン・シャオユウ","Lin Xiaoyu","鉄拳","Lin Xiaoyu",,,,,,,,,,
"3123","平野 美晴","Miharu Hirano","鉄拳","Miharu Hirano",,,,,,,,,,
"3124","アリサ","Arisa","鉄拳","Arisa",,,,,,,,,,
"3130","シアン","Cyan","蒼き雷霆ガンヴォルト","Cyan",,,,,,,,,,
"3131","モルフォ","Morpho","蒼き雷霆ガンヴォルト","Morpho",,,,,,,,,,
"3132","エリーゼ","Elise","蒼き雷霆ガンヴォルト","Elise",,,,,,,,,,
"3133","オウカ","Ouka","蒼き雷霆ガンヴォルト","Ouka",,,,,,,,,,
"3134","RoRo","RoRo","蒼き雷霆ガンヴォルト","RoRo",,,,,,,,,,
"3175","篠ノ之 箒","Shinonono broom","infinite stratos","shinonono houki,(infinite stratos:0.7)",,"infinite stratos academy school uniform","4","作品タグは制服が強烈に出る模様",,,,,,
"3176","セシリア","Cecilia","infinite stratos","cecilia alcott,(infinite stratos:0.7)",,"infinite stratos academy school uniform","4",,,,,,,
"3177","凰 鈴音","Suzune Ou","infinite stratos","huang lingyin,(infinite stratos:0.7)",,"infinite stratos academy school uniform","4",,,,,,,
"3178","シャルロット","charlotte","infinite stratos","charlotte dunois,(infinite stratos:0.7)",,"infinite stratos academy school uniform","4",,,,,,,
"3179","ラウラ","laura","infinite stratos","laura bodewig,(infinite stratos:0.7),eyepatch,",,"infinite stratos academy school uniform","4",,,,,,,
"3180","織斑 千冬","Orimura Chifuyu","infinite stratos","Orimura Chifuyu",,,,,,,,,,
"3181","山田 真耶","Maya Yamada","infinite stratos","Maya Yamada",,,,,,,,,,
"3182","篠ノ之 束","Bun Shinonono","infinite stratos","Bun Shinonono",,,,,,,,,,
"3184","更識 楯無","Sarashiki Tatenashi","infinite stratos","Sarashiki Tatenashi",,,,,,,,,,
"3185","更識 簪","Sarashiki hairpin","infinite stratos","Sarashiki hairpin",,,,,,,,,,
"3195","唄音 ウタ","Utaon Uta","UTAU","(utane uta:1.2),purple hair,short hair",,"hat","2",,,,,,,
"3200","エスカレイヤー","escallayer","超昂シリーズ","(escalayer:1.2),choukou tenshi escalayer,pink hair",,,"2",,,,,,,
"3201","鷹守 ハルカ","Haruka Takamori","超昂シリーズ","(takamori haruka:1.2),choukou sennin haruka,blonde hair,short hair",,,"1",,,,,,,
"3202","四方堂 ナリカ","Shihodo Narika","超昂シリーズ","(Shihoudou Narika:1.2),choukou sennin haruka",,,"2",,,,,,,
"3203","スバル","subaru","超昂シリーズ","subaru",,,,,,,,,,
"3240","藤堂晴香","Haruka Todo","寄生ジョーカー","Haruka Todo",,,,,,,,,,
"3241","藤堂晴香","Haruka Todo","寄生ジョーカー","Haruka Todo",,,,,,,,,,
"3250","アルカ・スティエル","Arca Steel","対魔忍アサギ決戦アリーナ","Arca Steel",,,,,,,,,,
"3251","水城 ゆきかぜ","Yukikaze Mizushiro","対魔忍","mizuki yukikaze",,,"4",,,,,,,
"3252","水城 不知火","Mizushiro Shiranui","対魔忍","Mizuki Shiranui",,,"3",,,,,,,
"3253","朧","Oboro","対魔忍","Oboro",,,,,,,,,,
"3254","火噛風花","Fuka Higai","対魔忍アサギ決戦アリーナ","Fuka Higai",,,,,,,,,,
"3255","ミナサキ","Minasaki","対魔忍アサギ決戦アリーナ","Minasaki",,,,,,,,,,
"3256","桐生美琴","Mikoto Kiryu","対魔忍アサギ決戦アリーナ","Mikoto Kiryu",,,,,,,,,,
"3257","由利翡翠","Yuri Jade","対魔忍アサギ決戦アリーナ","Yuri Jade",,,,,,,,,,
"3258","ミシェア","Michea","対魔忍アサギ決戦アリーナ","Michea",,,,,,,,,,
"3259","雪那・グレイス","Yukina Grace","対魔忍アサギ決戦アリーナ","Yukina Grace",,,,,,,,,,
"3260","影宮羽虎","Kagemiya Hatora","対魔忍アサギ決戦アリーナ","Kagemiya Hatora",,,,,,,,,,
"3261","量産型沙耶","Mass production type Saya","対魔忍アサギ決戦アリーナ","Mass production type Saya",,,,,,,,,,
"3262","KINGS-3 テスラ","KINGS-3 Tesla","対魔忍アサギ決戦アリーナ","KINGS-3 Tesla",,,,,,,,,,
"3263","KINGS-10 エイプリル","KINGS-10 April","対魔忍アサギ決戦アリーナ","KINGS-10 April",,,,,,,,,,
"3264","KINGS-11 サイクス","KINGS-11 Sykes","対魔忍アサギ決戦アリーナ","KINGS-11 Sykes",,,,,,,,,,
"3265","ギニヨル","Guignyol","対魔忍アサギ決戦アリーナ","Guignyol",,,,,,,,,,
"3266","セラステス","Cerastes","対魔忍アサギ決戦アリーナ","Cerastes",,,,,,,,,,
"3267","ミラベル・ベル","mirabelle bell","対魔忍アサギ決戦アリーナ","mirabelle bell",,,,,,,,,,
"3280","錦木 千束","Chizoku Nishikigi","lycoris recoil","(nishikigi chisato),lycoris recoil",,,"4",,,,,,,
"3281","井ノ上 たきな","Takina Inoue","lycoris recoil","(inoue takina),black hair",,,"3","名前タグだけだと意外ともろく、lycoris recoilを入れると千束になったりする。補強が要る",,,,,,
"3301","アスナ","Asuna","ソードアート・オンライン","asuna \(sao\),sword art online",,,"4",,,,,,,
"3315","シノン","Chinon","ソードアート・オンライン","sinon,sword art online",,,"4",,,,,,,
"3330","アリス","alice","ソードアート・オンライン","alice",,,,,,,,,,
"3338","ファナティオ","Fanatio","ソードアート・オンライン","Fanatio",,,,,,,,,,
"3339","シェータ","Sheta","ソードアート・オンライン","Sheta",,,,,,,,,,
"3340","アドミニストレータ","administrator","ソードアート・オンライン","administrator",,,,,,,,,,
"3370","フィオ・ジェルミ","Fio Germi","メタルスラッグシリーズ","Fio Germi",,,,,,,,,,
"3371","エリ・カサモト","Eli Casamoto","メタルスラッグシリーズ","Eli Casamoto",,,,,,,,,,
"3380","六道聖","Six Paths Saint","実況パワフルプロ野球シリーズ","Six Paths Saint",,,,,,,,,,
"3381","橘みずき","Mizuki Tachibana","実況パワフルプロ野球シリーズ","Mizuki Tachibana",,,,,,,,,,
"3400","砂狼シロコ","Sand Wolf Shiroko","ブルーアーカイブ","shiroko \(blue archive\)",,,"4","FGO/ブルアカ/グラブルのソシャゲ勢、よくできてるように見えるが、あまり知らないから採点甘いかも",,,,,,
"3401","小鳥遊ホシノ","Kotoriyu Hoshino","ブルーアーカイブ","hoshino \(blue archive\)",,,"4",,,,,,,
"3402","十六夜ノノミ","Izayoi no flea","ブルーアーカイブ","nonomi \(blue archive\)",,,"4",,,,,,,
"3403","黒見セリカ","Kuromi Celica","ブルーアーカイブ","serika \(blue archive\)",,,"4",,,,,,,
"3404","奥空アヤネ","Ayane Okusora","ブルーアーカイブ","ayane \(blue archive\) , pointy ears,red-framed eyewear",,,"4",,,,,,,
"3405","空崎ヒナ","Hina Sorasaki","ブルーアーカイブ","hina \(blue archive\) ",,,"4",,,,,,,
"3406","銀鏡イオリ","silver mirror iori","ブルーアーカイブ","iori \(blue archive\),hair over one eye",,,"4",,,,,,,
"3407","天雨アコ","Ama Ako","ブルーアーカイブ","ako \(blue archive\) ",,,"4",,,,,,,
"3408","火宮チナツ","Himiya Chinatsu","ブルーアーカイブ","chinatsu \(blue archive\), pointy ears,glasses",,,"4",,,,,,,
"3409","陸八魔アル","Rikuhama Al","ブルーアーカイブ","aru \(blue archive\)",,,"4",,,,,,,
"3410","鬼方カヨコ","Kayoko Onikata","ブルーアーカイブ","kayoko \(blue archive\)",,,"4",,,,,,,
"3411","浅黄ムツキ","Asahi Mutsuki","ブルーアーカイブ","mutsuki \(blue archive\),pointy ears",,,"4",,,,,,,
"3412","伊草ハルカ","Haruka Igusa","ブルーアーカイブ","haruka \(blue archive\)",,,"4",,,,,,,
"3413","阿字谷ヒフミ","Hifumi Ajitani","ブルーアーカイブ","hifumi \(blue archive\)",,,"4",,,,,,,
"3480","水銀燈","Suigintou","ローゼンメイデン","Suigintou",,"lolita fashion","3","顔つきの学習は弱いようで、頭身を弄るくらいでは違和感が残る。工夫すれば十分使えるはず",,,,,,
"3481","金糸雀","golden sparrow","ローゼンメイデン","kanaria",,"lolita fashion","4",,,,,,,
"3482","翠星石","Suiseite","ローゼンメイデン","suiseiseki",,"lolita fashion","4",,,,,,,
"3483","蒼星石","Souseiseki","ローゼンメイデン","Souseiseki",,"lolita fashion","4",,,,,,,
"3484","真紅","crimson","ローゼンメイデン","shinku",,"lolita fashion","4",,,,,,,
"3485","雛苺","Hina strawberry","ローゼンメイデン","(hinaichigo,hina ichigo:1.5),blonde hair,waby hair,red ribbon on head,drill hair",,"lolita fashion","0","全然ダメ　rozen maidenタグは謎の水銀灯もどきが出て余計ダメ",,,,,,
"3486","雪華綺晶","Yukihana Kiaki","ローゼンメイデン","(kirakishou:1.3),blonde hair,white rose,[eyepatch:rose on eye:0.5]",,"lolita fashion","0","全然ダメ",,,,,,
"3487","薔薇水晶","rose crystal","ローゼンメイデン","(barasuishou:1.3),silver hair,purple rose,[eyepatch:rose on eye:0.5]",,"lolita fashion","0","全然ダメ",,,,,,
"3500","初音 ミク","hatsune miku","VOCALOID","hatsune miku",,,"5",,,,,,,
"3501","巡音 ルカ","Megurine Luka","VOCALOID","Megurine Luka",,,"4",,,,,,,
"3502","MEIKO","MEIKO","VOCALOID","meiko \(vocaloid\)",,,"4",,,,,,,
"3503","鏡音 リン","Kagamine Rin","VOCALOID","Kagamine Rin",,,"4",,,,,,,
"3504","歌愛 ユキ","Utaai Yuki","VOCALOID","Utaai Yuki",,,,,,,,,,
"3505","Lily","Lily","VOCALOID","Lily",,,,,,,,,,
"3515","唄音 ウタ","Utaon Uta","UTAU","Utaon Uta",,,,,,,,,,
"3525","結月 ゆかり","Yukari Yuzuki","ソフトウェアトーク","yuzuki yukari",,,"4",,,,,,,
"3526","弦巻 マキ","Tsurumaki Maki","ソフトウェアトーク","Tsurumaki Maki",,,"4",,,,,,,
"3527","紲星 あかり","Akari Suhoshi","ソフトウェアトーク","kizuna akari",,,"4",,,,,,,
"3528","琴葉 茜","Akane Kotonoha","ソフトウェアトーク","kotonoha akane",,,"4",,,,,,,
"3529","琴葉 葵","Aoi Kotonoha","ソフトウェアトーク","kotonoha aoi",,,"4",,,,,,,
"3530","東北 イタコ","Tohoku Itako","ソフトウェアトーク","Tohoku Itako",,,,,,,,,,
"3531","東北 ずん子","Tohoku Zunko","ソフトウェアトーク","Tohoku Zunko",,,,,,,,,,
"3532","東北 きりたん","Tohoku Kiritan","ソフトウェアトーク","Tohoku Kiritan",,,"4",,,,,,,
"3533","ずんだもん","Zundamon","ソフトウェアトーク","Zundamon",,,"4",,,,,,,
"3534","音街 ウナ","Otomachi Una","ソフトウェアトーク","Otomachi Una",,,,,,,,,,
"3535","さとう ささら","Sasara Sato","ソフトウェアトーク","satou sasara",,,"3",,,,,,,
"3536","すずき つづみ","Tsuzumi Suzuki","ソフトウェアトーク","Tsuzumi Suzuki",,,,,,,,,,
"3537","イア","Oia","ソフトウェアトーク","ia \(vocaloid\)",,,"4",,,,,,,
"3538","オネ","One","ソフトウェアトーク","One",,,,,,,,,,
"3539","小春 六花","koharu rikka ","ソフトウェアトーク","Koharu Rikka",,,,,,,,,,
"3540","夏色 花梨","Summer color quince","ソフトウェアトーク","Summer color quince",,,,,,,,,,
"3541","花隈 千冬","Chifuyu Hanakuma","ソフトウェアトーク","Chifuyu Hanakuma",,,,,,,,,,
"3800","アリサ","Arisa","GOD EATER","(alisa ilinichina amiella:1.2)",,"hat","3","衣装が白黒混ざる",,,,,,
"3801","橘 サクヤ","Sakuya Tachibana","GOD EATER","Sakuya Tachibana",,,,,,,,,,
"3803","台場 カノン","Daiba Canon","GOD EATER","Daiba Canon",,,,,,,,,,
"3804","ジーナ","Gina","GOD EATER","Gina",,,,,,,,,,
"3810","シエル","ciel","GOD EATER","ciel",,,,,,,,,,
"3811","香月 ナナ","Nana Katsuki","GOD EATER","Nana Katsuki",,,,,,,,,,
"3812","エリナ","Elina","GOD EATER","Elina",,,,,,,,,,
"3830","エール","Yell","ロックマンゼクスシリーズ","aile \(mega man zx\)",,,"2",,,,,,,
"3831","パンドラ","pandora","ロックマンゼクスシリーズ","pandora \(mega man\)",,,"2",,,,,,,
"3832","プレリー","prairie","ロックマンゼクスシリーズ","prairie \(mega man\)",,"hat","2",,,,,,,
"3833","シエル","ciel","ロックマンゼロシリーズ","ciel \(mega man\), (helmet:0.6)",,,"3",,,,,,,
"3834","妖将レヴィアタン","Demon General Leviathan","ロックマンゼロシリーズ","fairy leviathan \(mega man\)",,,"3",,,,,,,
"3850","メタルマックスハンター","metal max hunter","メタルマックスシリーズ","metal max hunter",,,,,,,,,,
"3852","メタルマックスソルジャー","metal max soldier","メタルマックスシリーズ","metal max soldier",,,,,,,,,,
"3853","メタルマックスナース","metal max nurse","メタルマックスシリーズ","metal max nurse",,,,,,,,,,
"3854","メタルマックスレスラー","metal max wrestler","メタルマックスシリーズ","metal max wrestler",,,,,,,,,,
"3861","レナ","Lena","メタルマックスシリーズ","Lena",,,,,,,,,,
"3862","ミシカ","Mishka","メタルマックスシリーズ","Mishka",,,,,,,,,,
"3864","イリット","Irit","メタルマックスシリーズ","Irit",,,,,,,,,,
"3866","シャーリィ","Shirley","メタルサーガシリーズ","Shirley",,,,,,,,,,
"3872","レッドフォックス","red fox","メタルサーガシリーズ","red fox",,,,,,,,,,
"3873","キャサリン","katherine","メタルサーガシリーズ","katherine",,,,,,,,,,
"3874","アルファ","alpha","メタルサーガシリーズ","alpha",,,,,,,,,,
"3900","レーナ","Lena","86―エイティシックス―","vladilena millize,86 -eightysix-",,,"3",,,,,,,
"3901","アンジュ","Ange","86―エイティシックス―","Ange",,,,,,,,,,
"3902","クレナ","Kurena","86―エイティシックス―","Kurena",,,,,,,,,,
"3903","カイエ","Cahiers","86―エイティシックス―","Cahiers",,,,,,,,,,
"3904","アネット","Annette","86―エイティシックス―","Annette",,,,,,,,,,
"3905","フレデリカ","frederica","86―エイティシックス―","frederica",,,,,,,,,,
"3906","グレーテ","Grete","86―エイティシックス―","Grete",,,,,,,,,,
"4000","鑑 純夏","Sumika Sumika","マブラヴ","(kagami sumika:1.3), muv-luv,hair intakes",,,"3",,,,,,,
"4001","御剣 冥夜","Mitsword Meiya","マブラヴ","mitsurugi meiya, muv-luv",,"school uniform,purple ribbon,puffy sleeves","3","服装が安定しない mecha pilot suitもあまりよくない",,,,,,
"4002","煌武院 悠陽","Yuuyo Kobuin","マブラヴ","Yuuyo Kobuin",,,,,,,,,,
"4003","榊 千鶴","Chizuru Sakaki","マブラヴ","Chizuru Sakaki",,,,,,,,,,
"4004","彩峰 慧","Kei Ayamine","マブラヴ","Kei Ayamine",,,,,,,,,,
"4005","珠瀬 壬姫","Tamase Mihime","マブラヴ","Tamase Mihime",,,,,,,,,,
"4006","鎧衣 美琴","Armor Mikoto","マブラヴ","Armor Mikoto",,,,,,,,,,
"4007","神宮司 まりも","Shrine priest Marimo","マブラヴ","Shrine priest Marimo",,,,,,,,,,
"4008","香月 夕呼","Yuuki Katsuki","マブラヴ","Yuuki Katsuki",,,,,,,,,,
"4009","社 霞","Company Kasumi","マブラヴ","Company Kasumi",,,,,,,,,,
"4010","伊隅 みちる","Michiru Isumi","マブラヴ","Michiru Isumi",,,,,,,,,,
"4011","宗像 美冴","Misae Munakata","マブラヴ","Misae Munakata",,,,,,,,,,
"4012","風間 祷子","Mitsuko Kazama","マブラヴ","Mitsuko Kazama",,,,,,,,,,
"4013","涼宮 遙","Haruka Suzumiya","マブラヴ","Haruka Suzumiya",,,,,,,,,,
"4014","速瀬 水月","Suigetsu Hayase","マブラヴ","Suigetsu Hayase",,,,,,,,,,
"4015","涼宮 茜","Akane Suzumiya","マブラヴ","Akane Suzumiya",,,,,,,,,,
"4016","柏木 晴子","Haruko Kashiwagi","マブラヴ","Haruko Kashiwagi",,,,,,,,,,
"4020","月詠 真那","Tsukuyomi Mana","マブラヴ","Tsukuyomi Mana",,,,,,,,,,
"4024","月詠 真耶","Maya Tsukuyomi","マブラヴ","Maya Tsukuyomi",,,,,,,,,,
"4025","イリーナ","Irina","マブラヴ","Irina",,,,,,,,,,
"4026","イルマ","Irma","マブラヴ","Irma",,,,,,,,,,
"4035","リリア","Lilia","マブラヴ","Lilia",,,,,,,,,,
"4037","メルヴィナ","Melvina","マブラヴ","Melvina",,,,,,,,,,
"4038","千堂 柚香","Yuzuka Sendo","マブラヴ","Yuzuka Sendo",,,,,,,,,,
"4039","エレン","Ellen","マブラヴ","Ellen",,,,,,,,,,
"4060","篁 唯依","Yui Takamura","マブラヴ","Yui Takamura",,,,,,,,,,
"4061","クリスカ","Chriska","マブラヴ","Chriska",,,,,,,,,,
"4062","イーニァ","Inia","マブラヴ","Inia",,,,,,,,,,
"4063","タリサ","Talitha","マブラヴ","Talitha",,,,,,,,,,
"4064","ステラ","Stella","マブラヴ","Stella",,,,,,,,,,
"4071","カティア","Katia","マブラヴ","Katia",,,,,,,,,,
"4072","リィズ","Liz","マブラヴ","Liz",,,,,,,,,,
"4100","アリエータ","Arrieta","サイバーボッツ","Arrieta",,,,,,,,,,
"4101","マリー・ミヤビ","Marie Miyabi","サイバーボッツ","Marie Miyabi",,,,,,,,,,
"4180","綾波レイ","Rei Ayanami","エヴァンゲリオン","ayanami rei",,,"5",,,,,,,
"4181","式波・アスカ・ラングレー","Shikinami Asuka Langley","エヴァンゲリオン","souryuu asuka langley",,,"5",,,,,,,
"4201","ファイユーヴ","Fayouve","電脳戦機バーチャロンシリーズ","Fayouve",,,,,,,,,,
"4210","ＫＯＳ－ＭＯＳ","KOS-MOS","ゼノシリーズ","kos-mos",,,"4",,,,,,,
"4211","ＭＯＭＯ","MOMO","ゼノシリーズ","m.o.m.o., xenosaga",,,"0",,,,,,,
"4212","シオン・ウヅキ","Shion Uzuki","ゼノシリーズ","Shion Uzuki",,,,,,,,,,
"4301","桐島レイン","Kirishima Rain","バルドスカイ","kirishima rain ,baldr sky,baldr \(series\)",,,"0",,,,,,,
"4302","若草菜ノ葉","Wakakusa Nanoha","バルドスカイ","Wakakusa Nanoha",,,,,,,,,,
"4303","渚千夏","Chinatsu Nagisa","バルドスカイ","Chinatsu Nagisa",,,,,,,,,,
"4304","西野亜季","Aki Nishino","バルドスカイ","Aki Nishino",,,,,,,,,,
"4305","水無月空","Minazuki Sora","バルドスカイ","Minazuki Sora",,,,,,,,,,
"4306","水無月真","Makoto Minazuki","バルドスカイ","Makoto Minazuki",,,,,,,,,,
"4400","ノエル=ヴァーミリオン","Noel Vermillion","BLAZBLUE","noel vermillion",,,"3",,,,,,,
"4401","ツバキ=ヤヨイ","Tsubaki = Yayoi","BLAZBLUE","tsubaki yayoi ",,,"2",,,,,,,
"4402","マコト=ナナヤ","Makoto Nanaya","BLAZBLUE","makoto nanaya",,,"2",,,,,,,
"4403","マイ=ナツメ","My = Natsume","BLAZBLUE","mai natsume",,,"2",,,,,,,
"4600","天海 春香","Haruka Amami","THE IDOLM@STER","Haruka Amami",,,,,,,,,,
"4700","エクセレン","Excellen","スーパーロボット大戦","excellen browning",,,"3",,,,,,,
"4702","クスハ","Kusuha","スーパーロボット大戦","kusuha mizuha",,,"3",,,,,,,
"4703","アヤ・コバヤシ","Aya Kobayashi","スーパーロボット大戦","Aya Kobayashi",,,,,,,,,,
"4706","ヴィレッタ","Villetta","スーパーロボット大戦","Villetta",,,,,,,,,,
"4707","ラミア・ラヴレス","Lamia Lovelace","スーパーロボット大戦","lamia loveless",,,"3",,,,,,,
"4708","ゼオラ","zeola","スーパーロボット大戦","seolla schweizer",,,"3",,,,,,,
"4711","オウカ・ナギサ","Ouka Nagisa","スーパーロボット大戦","Ouka Nagisa",,,,,,,,,,
"4715","レフィーナ","Refina","スーパーロボット大戦","Refina",,,,,,,,,,
"4718","カチーナ","Kachina","スーパーロボット大戦","Kachina",,,,,,,,,,
"4719","レオナ","Leona","スーパーロボット大戦","Leona",,,,,,,,,,
"4721","セツコ・オハラ","Setsuko Ohara","スーパーロボット大戦","Setsuko Ohara",,,,,,,,,,
"4722","アクア","aqua","スーパーロボット大戦","aqua",,,,,,,,,,
"4730","アイビス","ibis","スーパーロボット大戦","ibis",,,,,,,,,,
"4735","リン・マオ","Lin Mao","スーパーロボット大戦","Lin Mao",,,,,,,,,,
"4757","シオニー・レジス","Siony Regis","スーパーロボット大戦","Siony Regis",,,,,,,,,,
"4758","マルグリット","marguerite","スーパーロボット大戦","marguerite",,,,,,,,,,
"4768","如月千歳","Kisaragi Chitose","スーパーロボット大戦","Kisaragi Chitose",,,,,,,,,,
"4769","ナイン","nine","スーパーロボット大戦","nine",,,,,,,,,,
"4810","シーナ","Sheena","シャイニングシリーズ","Sheena",,,,,,,,,,
"4811","クレハ","Kureha","シャイニングシリーズ","touka kureha",,,"1",,,,,,,
"4812","ゼクティ","Zecti","シャイニングシリーズ","Zecti",,,,,,,,,,
"4813","クララクラン","Clara Clan","シャイニングシリーズ","Clara Clan",,,,,,,,,,
"4820","アミル","Amil","シャイニング・ハーツ","Amil",,,,,,,,,,
"4821","ネリス","Nellis","シャイニング・ハーツ","neris \(shining hearts\)",,,"-1","shining hearts に反応すると謎の頭リボンの娘が出る",,,,,,
"4822","エアリィ","Airy","シャイニング・ハーツ","eari \(shining hearts\)",,,"-1",,,,,,,
"4823","シャオメイ","Xiaomei","シャイニング・ハーツ","shaomei rin",,,"-1",,,,,,,
"4824","メルティ","Melty","シャイニング・ハーツ","Melty",,,,,,,,,,
"4825","ルフィーナ","Rufina","シャイニング・ハーツ","Rufina",,,,,,,,,,
"4826","ローナ","Lorna","シャイニング・ハーツ","Lorna",,,,,,,,,,
"4827","ミストラル","Mistral","シャイニング・ハーツ","Mistral",,,,,,,,,,
"4875","ラハール","lahar","魔界戦記ディスガイア","laharl,pointy ears",,,"3","1boyで出しても女体化と混ざる",,,,,,
"4876","エトナ","Etna","魔界戦記ディスガイア","(etna \(disgaea\)),pointy ears",,,"4",,,,,,,
"4877","フロン","Freon","魔界戦記ディスガイア","flonne,pointy ears",,,"3","赤青でぶれる",,,,,,
"4878","朝霧アサギ","Asagiri Asagi","魔界ウォーズ","Asagiri Asagi",,,,,,,,,,
"4879","アサギ人形","asagi doll","魔界戦記ディスガイア","asagi doll",,,,,,,,,,
"4900","カリオストロ","Cagliostro","グランブルーファンタジー","cagliostro \(granblue fantasy\)",,,"4",,,,,,,
"4901","カルメリーナ","carmelina","グランブルーファンタジー","carmelina_(granblue_fantasy) ",,,"3",,,,,,,
"4902","ダヌア","Danua","グランブルーファンタジー","Danua",,,"4",,,,,,,
"4903","ヴィーラ・リーリエ","Villa Lillie","グランブルーファンタジー","vira \(granblue fantasy\)",,,"4",,,,,,,
"4904","マギサ","Magisa","グランブルーファンタジー","magisa \(granblue fantasy\)",,,"4",,,,,,,
"4905","クラリス","clarice","グランブルーファンタジー","clarisse \(granblue fantasy\)",,,"4",,,,,,,
"4906","シャルロッテ","charlotte","グランブルーファンタジー","charlotta \(granblue fantasy\)",,,"4",,,,,,,
"4907","アニラ","Anila","グランブルーファンタジー","anila \(granblue fantasy\)",,,"4",,,,,,,
"4908","アンナ","anna","グランブルーファンタジー","anna \(granblue fantasy\), hair over one eye",,,"2",,,,,,,
"4909","リーシャ","Leesha","グランブルーファンタジー","lecia \(granblue fantasy\)",,,"3",,,,,,,
"4910","ナルメア","Narmaya","グランブルーファンタジー","narmaya \(granblue fantasy\)",,,"4",,,,,,,
"4911","ベアトリクス","beatrix","グランブルーファンタジー","beatrix \(granblue fantasy\)",,,"4",,,,,,,
"4912","ゼタ","Zeta","グランブルーファンタジー","zeta \(granblue fantasy\)",,,"4",,,,,,,
"4913","ヴァンピィ","vampy","グランブルーファンタジー","vampy",,,"4",,,,,,,
"4914","アンチラ","Antira","グランブルーファンタジー","andira \(granblue fantasy\)",,,"4",,,,,,,
"4915","サラ","sarah","グランブルーファンタジー","sara \(granblue fantasy\)",,,"3","リボンなのか耳なのかわかってないのが出る",,,,,,
"4916","クムユ","Kumuyu","グランブルーファンタジー","camieux ,horns",,,"3","指定しないとツノなし、指定しても曲がったツノしか描けない hood with hornsでもダメだった",,,,,,
"4917","ヘルエス","HELS","グランブルーファンタジー","heles",,,"4",,,,,,,
"4918","ユエル","Yuel","グランブルーファンタジー","yuel \(granblue fantasy\)",,,"4",,,,,,,
"4919","ソシエ","socie","グランブルーファンタジー","societte \(granblue fantasy\)",,,"4",,,,,,,
"4920","ソフィア","sophia","グランブルーファンタジー","sophia \(granblue fantasy\)",,,"2",,,,,,,
"5000","マトイ","Matoi","PSO2","matoi \(pso2\)",,,"4",,,,,,,
"5001","イオ","Io","PSO2","io \(pso2\)",,,"1",,,,,,,
"5002","パティ","patty","PSO2","patty",,,,,,,,,,
"5003","ティア","Tia","PSO2","Tia",,,,,,,,,,
"5004","クーナ","Kuna","PSO2","Kuna",,,,,,,,,,
"5100","アリサ","Arisa","英雄伝説 閃の軌跡","alisa reinford,sen no kiseki",,,"3",,,,,,,
"5101","ラウラ","laura","英雄伝説 閃の軌跡","laura s. arseid",,,"1",,,,,,,
"5102","エマ","emma","英雄伝説 閃の軌跡","emma millstein",,,"3",,,,,,,
"5103","フィー","fee","英雄伝説 閃の軌跡","fie claussell",,,"3",,,,,,,
"5104","サラ","sarah","英雄伝説 閃の軌跡","sara valestein",,,"2",,,,,,,
"5172","ルビー・ローズ","ruby rose","RWBY","ruby rose",,,"3",,,,,,,
"5173","ワイス・シュニー","Weiss Schnee","RWBY","Weiss Schnee",,,,,,,,,,
"5174","ブレイク・ベラドンナ","blake belladonna","RWBY","blake belladonna",,,,,,,,,,
"5175","ヤン・シャオロン","Yang Xiaolong","RWBY","Yang Xiaolong",,,,,,,,,,
"5176","ノーラ・ヴァルキリー","Nora Valkyrie","RWBY","Nora Valkyrie",,,,,,,,,,
"5177","ピュラ・ニコス","Pyrrha Nikos","RWBY","Pyrrha Nikos",,,,,,,,,,
"5178","ペニー・ポレンディーナ","Penny Polendina","RWBY","Penny Polendina",,,,,,,,,,
"5179","グリンダ・グッドウィッチ","glinda goodwitch","RWBY","glinda goodwitch",,,,,,,,,,
"5180","シンダー・フォール","cinder fall","RWBY","cinder fall",,,,,,,,,,
"5201","リース","lease","聖剣伝説3","riesz",,,"4",,,,,,,
"5202","アンジェラ","angela","聖剣伝説3","angela \(seiken densetsu 3\), pinty ears",,,"3",,,,,,,
"5203","シャルロット","charlotte","聖剣伝説3","charlotte \(seiken densetsu 3\) ",,,"1",,,,,,,
"5280","サンドリヨン","Cendrillon","Wonderland Wars","cendrillion \(wonderland wars\),wonderland wars",,,"1",,,,,,,
"5281","アシェンプテル","ashenptel","Wonderland Wars","ashenptel",,,,,,,,,,
"5282","ミクサ","mixer","Wonderland Wars","mixer",,,,,,,,,,
"5283","リトル・アリス","little alice","Wonderland Wars","little alice",,,,,,,,,,
"5284","シャドウ・アリス","shadow alice","Wonderland Wars","shadow alice",,,,,,,,,,
"5285","シュネーヴィッツェン","schneevitzen","Wonderland Wars","schneevitzen",,,,,,,,,,
"5286","リン","phosphorus","Wonderland Wars","phosphorus",,,,,,,,,,
"5287","スカーレット","scarlet","Wonderland Wars","scarlet",,,,,,,,,,
"5288","深雪乃","Miyukino","Wonderland Wars","Miyukino",,,,,,,,,,
"5289","かぐや","Kaguya","Wonderland Wars","Kaguya",,,,,,,,,,
"5290","シレネッタ","Sirenetta","Wonderland Wars","Sirenetta",,,,,,,,,,
"5450","ティファ","Tifa","ファイナルファンタジーシリーズ","tifa lockhart",,,"4",,,,,,,
"5451","エアリス","Aerith","ファイナルファンタジーシリーズ","aerith gainsborough",,,"4",,,,,,,
"5452","ユフィ","Yuffie","ファイナルファンタジーシリーズ","yuffie kisaragi",,,"4",,,,,,,
"5472","ローザ","rosa","ファイナルファンタジーシリーズ","rosa farrell",,,"3",,,,,,,
"5474","大人リディア","adult lydia","ファイナルファンタジーシリーズ","rydia \(ff4\)",,,"3",,,,,,,
"5476","バルバリシア","barbaricia","ファイナルファンタジーシリーズ","barbaricia",,,,,,,,,,
"5477","ローザ(FF4TA)","Rosa (FF4TA)","ファイナルファンタジーシリーズ","Rosa (FF4TA)",,,,,,,,,,
"5478","リディア(FF4TA)","Rydia (FF4TA)","ファイナルファンタジーシリーズ","Rydia (FF4TA)",,,,,,,,,,
"5479","ポロム(FF4TA)","Porom (FF4TA)","ファイナルファンタジーシリーズ","Porom (FF4TA)",,,,,,,,,,
"5482","レオノーラ","Leonora","ファイナルファンタジーシリーズ","Leonora",,,,,,,,,,
"5483","イザヨイ","Izayoi","ファイナルファンタジーシリーズ","Izayoi",,,,,,,,,,
"5485","マイナス","minus","ファイナルファンタジーシリーズ","minus",,,,,,,,,,
"5487","レナ","Lena","ファイナルファンタジーシリーズ","lenna charlotte tycoon",,,"3",,,,,,,
"5488","ファリス","Faris","ファイナルファンタジーシリーズ","faris scherwiz",,,"4",,,,,,,
"5490","ティナ","Tina","ファイナルファンタジーシリーズ","terra branford",,,"4",,,,,,,
"5491","セリス","Seris","ファイナルファンタジーシリーズ","celes chere",,"green leotard,strapless leotard,cape,shoulder pads","3",,,,,,,
"5493","アグリアス","Agrias","ファイナルファンタジーシリーズ","agrias oaks",,,"3",,,,,,,
"5495","セリア（FFT）","Celia (FFT)","ファイナルファンタジーシリーズ","Celia (FFT)",,,,,,,,,,
"5496","レディ（FFT）","Ready (FFT)","ファイナルファンタジーシリーズ","Ready (FFT)",,,,,,,,,,
"5497","聖天使アルテマ","Holy Angel Ultima","ファイナルファンタジーシリーズ","Holy Angel Ultima",,,,,,,,,,
"5500","デビサバ１主人公","Devisaba 1 main character","デビルサバイバー","Devisaba 1 main character",,,,,,,,,,
"5501","アツロウ","Atsuro","デビルサバイバー","Atsuro",,,,,,,,,,
"5502","ケイスケ","Keisuke","デビルサバイバー","Keisuke",,,,,,,,,,
"5503","カイドー","Kaido","デビルサバイバー","Kaido",,,,,,,,,,
"5510","デビサバ２主人公","Devisaba 2 main character","デビルサバイバー","Devisaba 2 main character",,,,,,,,,,
"5511","志島 大地","Daichi Shijima","デビルサバイバー","Daichi Shijima",,,,,,,,,,
"5512","峰津院 大和","Minezuin Yamato","デビルサバイバー","Minezuin Yamato",,,,,,,,,,
"5513","和久井 啓太","Keita Wakui","デビルサバイバー","Keita Wakui",,,,,,,,,,
"5514","鳥居 純吾","Jungo Torii","デビルサバイバー","Jungo Torii",,,,,,,,,,
"5515","秋江 譲","Yuzuru Akie","デビルサバイバー","Yuzuru Akie",,,,,,,,,,
"5516","栗木 ロナウド","Kuriki Ronaldo","デビルサバイバー","Kuriki Ronaldo",,,,,,,,,,
"5517","アル・サダク","Al-Sadaq","デビルサバイバー","Al-Sadaq",,,,,,,,,,
"5520","P3男主人公","P3 male protagonist","ペルソナ","P3 male protagonist",,,,,,,,,,
"5521","伊織 順平","Junpei Iori","ペルソナ","Junpei Iori",,,,,,,,,,
"5522","真田 明彦","Akihiko Sanada","ペルソナ","Akihiko Sanada",,,,,,,,,,
"5525","荒垣 真次郎","Shinjiro Aragaki","ペルソナ","Shinjiro Aragaki",,,,,,,,,,
"5530","P4主人公","P4 main character","ペルソナ","P4 main character",,,,,,,,,,
"5531","花村 陽介","Yosuke Hanamura","ペルソナ","Yosuke Hanamura",,,,,,,,,,
"5532","巽 完二","Kanji Tatsumi","ペルソナ","Kanji Tatsumi",,,,,,,,,,
"5533","クマ","bear","ペルソナ","bear",,,,,,,,,,
"5534","足立 透","Toru Adachi","ペルソナ","Toru Adachi",,,,,,,,,,
"5545","周防 達哉","Tatsuya Suo","ペルソナ","Tatsuya Suo",,,,,,,,,,
"5546","三科 栄吉","Eikichi Mishina","ペルソナ","Eikichi Mishina",,,,,,,,,,
"5547","黒須 淳","Atsushi Kurosu","ペルソナ","Atsushi Kurosu",,,,,,,,,,
"5548","周防 克哉","Katsuya Suo","ペルソナ","Katsuya Suo",,,,,,,,,,
"5549","パオフゥ","paofu","ペルソナ","paofu",,,,,,,,,,
"5550","中島 朱実","Akemi Nakajima","女神転生","Akemi Nakajima",,,,,,,,,,
"5552","ロウヒーロー","low hero","真・女神転生","low hero",,,,,,,,,,
"5553","カオスヒーロー","chaos hero","真・女神転生","chaos hero",,,,,,,,,,
"5555","フリン","Flynn","真・女神転生","Flynn",,,,,,,,,,
"5556","ヨナタン","Jonathan","真・女神転生","Jonathan",,,,,,,,,,
"5557","ワルター","walter","真・女神転生","walter",,,,,,,,,,
"5560","甲斐 刹那","Kai Setsuna","真・女神転生 デビルチルドレン","Kai Setsuna",,,,,,,,,,
"5561","葛葉 ライドウ","Raidou Kuzuha","デビルサマナー","Raidou Kuzuha",,,,,,,,,,
"5700","遠野 志貴","Shiki Tono","月姫","Shiki Tono",,,,,,,,,,
"5701","七夜 志貴","Shiki Nanaya","月姫","Shiki Nanaya",,,,,,,,,,
"5703","ネロ・カオス","nero chaos","月姫","nero chaos",,,,,,,,,,
"5704","ロア","Roa","月姫","Roa",,,,,,,,,,
"5707","黒桐 幹也","Mikiya Kurogiri","空の境界","Mikiya Kurogiri",,,,,,,,,,
"5710","静希 草十郎","Shizuki Sojuro","魔法使いの夜","Shizuki Sojuro",,,,,,,,,,
"5720","衛宮 士郎","Shiro Emiya","Fate","Shiro Emiya",,,,,,,,,,
"5722","言峰 綺礼","Kirei Kotomine","Fate","Kirei Kotomine",,,,,,,,,,
"5725","衛宮 切嗣","Kiritsugu Emiya","Fate","Kiritsugu Emiya",,,,,,,,,,
"5741","アーチャー","archer","Fate","archer",,,,,,,,,,
"5742","ランサー","lancer","Fate","lancer",,,,,,,,,,
"5746","ギルガメッシュ","gilgamesh","Fate","gilgamesh",,,,,,,,,,
"5850","上条 当麻","Kamijyo Touma","とある魔術の禁書目録","Kamijyo Touma",,,,,,,,,,
"5851","一方通行","One Way","とある魔術の禁書目録","One Way",,,,,,,,,,
"5852","浜面 仕上","Hamazura finish","とある魔術の禁書目録","Hamazura finish",,,,,,,,,,
"5853","垣根 帝督","Emperor Kakine","とある魔術の禁書目録","Emperor Kakine",,,,,,,,,,
"5854","削板軍覇","Gunban military victory","とある魔術の禁書目録","Gunban military victory",,,,,,,,,,
"5860","ステイル","Stale","とある魔術の禁書目録","Stale",,,,,,,,,,
"5861","土御門 元春","Motoharu Tsuchimikado","とある魔術の禁書目録","Motoharu Tsuchimikado",,,,,,,,,,
"5862","海原 光貴","Mitsutaka Kaihara","とある魔術の禁書目録","Mitsutaka Kaihara",,,,,,,,,,
"5890","KAITO","KAITO","VOCALOID","KAITO",,,,,,,,,,
"5891","鏡音 レン","Kagamine Len","VOCALOID","Kagamine Len",,,,,,,,,,
"6600","レイナ・ヴァンス","Rayna Vance","クイーンズブレイド","Rayna Vance",,,,,,,,,,
"6601","トモエ","Tomoe","クイーンズブレイド","Tomoe",,,,,,,,,,
"6602","ナナエル","nanael","クイーンズブレイド","nanael",,,,,,,,,,
"6603","メローナ","Melona","クイーンズブレイド","Melona",,,,,,,,,,
"6604","アイリ","Airi","クイーンズブレイド","Airi",,,,,,,,,,
"6605","ニクス","Nyx","クイーンズブレイド","Nyx",,,,,,,,,,
"6606","リスティ","Listy","クイーンズブレイド","Listy",,,,,,,,,,
"6607","アレイン","Alein","クイーンズブレイド","Alein",,,,,,,,,,
"6608","メナス","Menace","クイーンズブレイド","Menace",,,,,,,,,,
"6610","ユカノ","Yukano","ニンジャスレイヤー","Yukano",,,,,,,,,,
"6611","ナンシー・リー","nancy lee","ニンジャスレイヤー","nancy lee",,,,,,,,,,
"6612","ヤモト･コキ","Yamato Koki","ニンジャスレイヤー","Yamato Koki",,,,,,,,,,
"6615","タツマキ","Tatsumaki","ワンパンマン","Tatsumaki",,,,,,,,,,
"6616","フブキ","Fubuki","ワンパンマン","Fubuki",,,,,,,,,,
"6617","片倉 優樹","Yuki Katakura","ダブルブリッド","Yuki Katakura",,,,,,,,,,
"6618","山崎 太一朗","Taichiro Yamazaki","ダブルブリッド","Taichiro Yamazaki",,,,,,,,,,
"6620","遠野 みづき","Mizuki Tono","スーパーリアル麻雀","Mizuki Tono",,,,,,,,,,
"6621","藤原 綾","Aya Fujiwara","スーパーリアル麻雀","Aya Fujiwara",,,,,,,,,,
"6622","早坂 晶","Akira Hayasaka","スーパーリアル麻雀","Akira Hayasaka",,,,,,,,,,
"6628","麻比奈 百合奈","Yurina Mahina","スーパーリアル麻雀","Yurina Mahina",,,,,,,,,,
"6629","麻比奈 夏姫","Mahina Natsuhime","スーパーリアル麻雀","Mahina Natsuhime",,,,,,,,,,
"6630","蘭堂 芹香","Rando Serika","スーパーリアル麻雀","Rando Serika",,,,,,,,,,
"6631","豊原 エツ子","Etsuko Toyohara","スーパーリアル麻雀","Etsuko Toyohara",,,,,,,,,,
"6640","アカツキ","Akatsuki","アカツキ電光戦記","Akatsuki",,,,,,,,,,
"6641","鼎二尉","Second Lieutenant Kanae","アカツキ電光戦記","Second Lieutenant Kanae",,,,,,,,,,
"6642","マリリン・スー","marilyn sue","アカツキ電光戦記","marilyn sue",,,,,,,,,,
"6647","ムラクモ","Murakumo","アカツキ電光戦記","Murakumo",,,,,,,,,,
"6648","完全者","perfect person","アカツキ電光戦記","perfect person",,,,,,,,,,
"6655","ゲニ子","Geniko","SNK VS. CAPCOM SVC CHAOS","Geniko",,,,,,,,,,
"6670","イルマ","Irma","クイーンズブレイド","Irma",,,,,,,,,,
"6671","ノワ","Nowa","クイーンズブレイド","Nowa",,,,,,,,,,
"6672","エキドナ","Echidna","クイーンズブレイド","Echidna",,,,,,,,,,
"6673","エリナ・ヴァンス","Elina Vance","クイーンズブレイド","Elina Vance",,,,,,,,,,
"6674","カトレア","Cattleya","クイーンズブレイド","Cattleya",,,,,,,,,,
"6675","ラナ","Lana","クイーンズブレイド","Lana",,,,,,,,,,
"6676","メルファ","Melfa","クイーンズブレイド","Melfa",,,,,,,,,,
"6677","クローデット・ヴァンス","claudette vance","クイーンズブレイド","claudette vance",,,,,,,,,,
"6678","ユーミル","Yumir","クイーンズブレイド","Yumir",,,,,,,,,,
"6679","アルドラ","aldra","クイーンズブレイド","aldra",,,,,,,,,,
"6680","モリガン","morrigan","ヴァンパイア","morrigan",,,,,,,,,,
"6681","フェリシア","felicia","ヴァンパイア","felicia",,,,,,,,,,
"6682","レイレイ","Ray Ray","ヴァンパイア","Ray Ray",,,,,,,,,,
"6683","リリス","lilith","ヴァンパイア","lilith",,,,,,,,,,
"6684","バレッタ","Valletta","ヴァンパイア","Valletta",,,,,,,,,,
"6690","ニャル子","Nyaruko","這いよれ！ニャル子さん","Nyaruko",,,,,,,,,,
"6691","クー子","Kuuko","這いよれ！ニャル子さん","Kuuko",,,,,,,,,,
"6692","ハス太","Hasta","這いよれ！ニャル子さん","Hasta",,,,,,,,,,
"6693","暮井 珠緒","Tamao Kurei","這いよれ！ニャル子さん","Tamao Kurei",,,,,,,,,,
"6694","ルーヒー","Ruhi","這いよれ！ニャル子さん","Ruhi",,,,,,,,,,
"6695","八坂 頼子","Yoriko Yasaka","這いよれ！ニャル子さん","Yoriko Yasaka",,,,,,,,,,
"6696","姫宮千歌音","Himemiya Chikane","神無月の巫女","Himemiya Chikane",,,,,,,,,,
"6726","ハムマン","hammann","アズールレーン","hammann",,,,,,,,,,
"6727","エルドリッジ","Eldridge","アズールレーン","Eldridge",,,,,,,,,,
"6789","シグニット","Signit","アズールレーン","Signit",,,,,,,,,,
"6810","シェフィールド","sheffield","アズールレーン","sheffield",,,,,,,,,,
"6813","エディンバラ","edinburgh","アズールレーン","edinburgh",,,,,,,,,,
"6814","ベルファスト","belfast","アズールレーン","belfast",,,,,,,,,,
"6817","オーロラ","aurora","アズールレーン","aurora",,,,,,,,,,
"6818","ロンドン","london","アズールレーン","london",,,,,,,,,,
"6826","レナウン","Renown","アズールレーン","Renown",,,,,,,,,,
"6828","フッド","hood","アズールレーン","hood",,,,,,,,,,
"6830","ウォースパイト","Warspite","アズールレーン","Warspite",,,,,,,,,,
"6834","P・O・W","P・O・W","アズールレーン","P・O・W",,,,,,,,,,
"6835","D・O・Y","D・O・Y","アズールレーン","D・O・Y",,,,,,,,,,
"6843","アーク・ロイヤル","Ark Royal","アズールレーン","Ark Royal",,,,,,,,,,
"6844","イラストリアス","Illustrious","アズールレーン","Illustrious",,,,,,,,,,
"6845","ヴィクトリアス","victorious","アズールレーン","victorious",,,,,,,,,,
"6846","フォーミダブル","formidable","アズールレーン","formidable",,,,,,,,,,
"6847","インドミタブル","indomitable","アズールレーン","indomitable",,,,,,,,,,
"6848","インプラカブル","Implacable","アズールレーン","Implacable",,,,,,,,,,
"6889","古鷹","Furutaka","アズールレーン","Furutaka",,,,,,,,,,
"6890","加古","Kako","アズールレーン","Kako",,,,,,,,,,
"6899","高雄","Kaohsiung","アズールレーン","Kaohsiung",,,,,,,,,,
"6900","愛宕","Atago","アズールレーン","Atago",,,,,,,,,,
"6923","赤城","Akagi","アズールレーン","Akagi",,,,,,,,,,
"6924","加賀","Kaga","アズールレーン","Kaga",,,,,,,,,,
"6941","アドミラル・ヒッパー","Admiral Hipper","アズールレーン","Admiral Hipper",,,,,,,,,,
"6943","プリンツオイゲン","prinz eugen","アズールレーン","prinz eugen",,,,,,,,,,
"6950","ティルピッツ","Tirpitz","アズールレーン","Tirpitz",,,,,,,,,,
"6951","グラーフ・ツェッペリン","graf zeppelin","アズールレーン","graf zeppelin",,,,,,,,,,
"6952","ホノルル","Honolulu","アズールレーン","Honolulu",,,,,,,,,,
"6953","セントルイス","st louis","アズールレーン","st louis",,,,,,,,,,
"6954","三笠","Mikasa","アズールレーン","Mikasa",,,,,,,,,,
"6997","愛宮千歌音","Chikane Aimiya","絶対少女聖域アムネシアン","Chikane Aimiya",,,,,,,,,,
"7000","アメノウズメ","Amenouzume","女神転生","Amenouzume",,,,,,,,,,
"7001","アリアンフロッド","arianfrod","女神転生","arianfrod",,,,,,,,,,
"7002","フォルトゥナ","Fortuna","女神転生","Fortuna",,,,,,,,,,
"7005","キクリヒメ","Kikurihime","女神転生","Kikurihime",,,,,,,,,,
"7012","イザナミ","Izanami",,"Izanami",,,,,,,,,,
"7013","アマテラス","Amaterasu","女神転生","Amaterasu",,,,,,,,,,
"7030","ペレ","Pele",,"Pele",,,,,,,,,,
"7031","クシナダヒメ","Kushinadahime",,"Kushinadahime",,,,,,,,,,
"7036","アシェラト","Asherat",,"Asherat",,,,,,,,,,
"7040","イシュタル","Ishtar",,"Ishtar",,,,,,,,,,
"7041","セイオウボ","Seiobo",,"Seiobo",,,,,,,,,,
"7100","マハカーラ","Mahakala","女神転生","Mahakala",,,,,,,,,,
"7103","アラハバキ","Arahabaki","女神転生","Arahabaki",,,,,,,,,,
"7104","ヤマ","Yama","女神転生","Yama",,,,,,,,,,
"7105","トール","Thor","女神転生","Thor",,,,,,,,,,
"7107","ツクヨミ","Tsukuyomi","女神転生","Tsukuyomi",,,,,,,,,,
"7113","ヴィローシャナ","Viroshana","女神転生","Viroshana",,,,,,,,,,
"7130","アレス","Ares","女神転生","Ares",,,,,,,,,,
"7136","スサノオ","Susanoo","女神転生","Susanoo",,,,,,,,,,
"7160","ウベルリ","Uberli","女神転生","Uberli",,,,,,,,,,
"7163","タケミナカタ","Takeminakata","女神転生","Takeminakata",,,,,,,,,,
"7200","ラミア","Lamia","女神転生","Lamia",,,,,,,,,,
"7201","キヨヒメ","Kiyohime","女神転生","Kiyohime",,,,,,,,,,
"7202","ゴルゴン","gorgon","女神転生","gorgon",,,,,,,,,,
"7203","ヴィーヴル","Vivre","女神転生","Vivre",,,,,,,,,,
"7204","ゲンブ","Genbu","女神転生","Genbu",,,,,,,,,,
"7206","オトヒメ","Otohime","女神転生","Otohime",,,,,,,,,,
"7207","ケツアルカトル","Quetzalcatl","女神転生","Quetzalcatl",,,,,,,,,,
"7208","ヤマタノオロチ","Yamata no Orochi","女神転生","Yamata no Orochi",,,,,,,,,,
"7210","ユルング","Yulungu","女神転生","Yulungu",,,,,,,,,,
"7211","コウリュウ","Koryuu","女神転生","Koryuu",,,,,,,,,,
"7233","セイリュウ","Seiryu",,"Seiryu",,,,,,,,,,
"7234","ケツアルカトル","Quetzalcatl",,"Quetzalcatl",,,,,,,,,,
"7236","コウリュウ","Koryuu",,"Koryuu",,,,,,,,,,
"7250","コウガサブロウ","Kouga Saburo",,"Kouga Saburo",,,,,,,,,,
"7260","トウビョウ","Tobyou","女神転生","Tobyou",,,,,,,,,,
"7261","ハクジョウシ","Hakujoushi","女神転生","Hakujoushi",,,,,,,,,,
"7262","バジリスク","basilisk","女神転生","basilisk",,,,,,,,,,
"7265","ピュートーン","python","女神転生","python",,,,,,,,,,
"7266","クエレプレ","Kuerepure","女神転生","Kuerepure",,,,,,,,,,
"7267","ティアマト","Tiamat","女神転生","Tiamat",,,,,,,,,,
"7268","ニーズホッグ","Nidhogg","女神転生","Nidhogg",,,,,,,,,,
"7269","ファフニール","Fafnir","女神転生","Fafnir",,,,,,,,,,
"7300","エンジェル","angel","女神転生","angel",,,,,,,,,,
"7301","アークエンジェル","archangel","女神転生","archangel",,,,,,,,,,
"7302","プリンシパリティ","principality","女神転生","principality",,,,,,,,,,
"7303","パワー","power","女神転生","power",,,,,,,,,,
"7304","ヴァーチャー","Virture","女神転生","Virture",,,,,,,,,,
"7305","ドミニオン","dominion","女神転生","dominion",,,,,,,,,,
"7306","ソロネ","Sorone","女神転生","Sorone",,,,,,,,,,
"7307","ケルプ","kelp","女神転生","kelp",,,,,,,,,,
"7308","セラフ","Seraph","女神転生","Seraph",,,,,,,,,,
"7344","ハニエル","Haniel","女神転生","Haniel",,,,,,,,,,
"7346","ウリエル","Uriel","真・女神転生","Uriel",,,,,,,,,,
"7347","ガブリエル","Gabriel","真・女神転生","Gabriel",,,,,,,,,,
"7348","ラファエル","Rafael","真・女神転生","Rafael",,,,,,,,,,
"7349","ミカエル","michael","真・女神転生","michael",,,,,,,,,,
"7401","ハンサ","Hansa","女神転生","Hansa",,,,,,,,,,
"7402","フェニックス","phoenix","女神転生","phoenix",,,,,,,,,,
"7403","ヴィゾフニル","Visofnir","女神転生","Visofnir",,,,,,,,,,
"7404","スザク","Suzaku","女神転生","Suzaku",,,,,,,,,,
"7406","ガルーダ","Garuda","女神転生","Garuda",,,,,,,,,,
"7430","ハーピー","harpy","女神転生","harpy",,,,,,,,,,
"7431","コカクチョウ","Cow Swan","女神転生","Cow Swan",,,,,,,,,,
"7433","ネヴァン","Nevan","女神転生","Nevan",,,,,,,,,,
"7436","バイブ・カハ","vibe kaha","女神転生","vibe kaha",,,,,,,,,,
"7438","タイホウ","Taihou","女神転生","Taihou",,,,,,,,,,
"7461","モー・ショボー","Mo Shobo","女神転生","Mo Shobo",,,,,,,,,,
"7462","チン","Chin","女神転生","Chin",,,,,,,,,,
"7465","アンズー","Anzu","女神転生","Anzu",,,,,,,,,,
"7466","カウ","cow","女神転生","cow",,,,,,,,,,
"7500","アンドラス","Andrus","女神転生","Andrus",,,,,,,,,,
"7501","ガギソン","Gaggison","女神転生","Gaggison",,,,,,,,,,
"7502","アブラクサス","Abraxas","女神転生","Abraxas",,,,,,,,,,
"7503","フォルネウス","Forneus","女神転生","Forneus",,,,,,,,,,
"7504","エリゴール","Eligor","女神転生","Eligor",,,,,,,,,,
"7505","バルバトス","barbatos","女神転生","barbatos",,,,,,,,,,
"7506","ボティス","Botis","女神転生","Botis",,,,,,,,,,
"7507","オセ","Océ","女神転生","Océ",,,,,,,,,,
"7508","ビフロンス","Bifronce","女神転生","Bifronce",,,,,,,,,,
"7509","オロバス","Orobus","女神転生","Orobus",,,,,,,,,,
"7510","デカラビア","Decarabia","女神転生","Decarabia",,,,,,,,,,
"7511","ネビロス","Nebiros","女神転生","Nebiros",,,,,,,,,,
"7512","フラロウス","Flarose","女神転生","Flarose",,,,,,,,,,
"7513","ムールムール","Murmur","女神転生","Murmur",,,,,,,,,,
"7514","アガレス","Agares","女神転生","Agares",,,,,,,,,,
"7520","ダンタリアン","Dantalian",,"Dantalian",,,,,,,,,,
"7600","カブソ","Kabuso","女神転生","Kabuso",,,,,,,,,,
"7601","メリジェーヌ","meligene","女神転生","meligene",,,,,,,,,,
"7602","イヌガミ","Inugami","女神転生","Inugami",,,,,,,,,,
"7603","ネコマタ","Nekomata","女神転生","Nekomata",,,,,,,,,,
"7604","オルトロス","Orthros","女神転生","Orthros",,,,,,,,,,
"7605","ケットシー","Cait Sea","女神転生","Cait Sea",,,,,,,,,,
"7606","タマモ","Tamamo","女神転生","Tamamo",,,,,,,,,,
"7607","ダッキ","Ducky","女神転生","Ducky",,,,,,,,,,
"7608","ケルベロス","Cerberus","女神転生","Cerberus",,,,,,,,,,
"7609","フェンリル","Fenrir","女神転生","Fenrir",,,,,,,,,,
"7610","チェフェイ","chefei","女神転生","chefei",,,,,,,,,,
"7630","ワイラ","Wyra",,"Wyra",,,,,,,,,,
"7631","ガルム","Garm",,"Garm",,,,,,,,,,
"7632","アーヴァンク","Urbank",,"Urbank",,,,,,,,,,
"7633","モスマン","mothman",,"mothman",,,,,,,,,,
"7636","イナバシロウサギ","Inabashiro Rabbit","女神転生","Inabashiro Rabbit",,,,,,,,,,
"7639","ベヒモス","behemoth","女神転生","behemoth",,,,,,,,,,
"7640","アーマーン","Armaan","女神転生","Armaan",,,,,,,,,,
"7668","ウカノミタマ","Ukanomitama","女神転生","Ukanomitama",,,,,,,,,,
"7669","バロン","Baron","女神転生","Baron",,,,,,,,,,
"7700","アルプ","Alp","女神転生","Alp",,,,,,,,,,
"7701","エンプーサ","Empusa","女神転生","Empusa",,,,,,,,,,
"7702","リリム","lilim","女神転生","lilim",,,,,,,,,,
"7703","インキュバス","incubus","女神転生","incubus",,,,,,,,,,
"7704","デュラハン","Dullahan","女神転生","Dullahan",,,,,,,,,,
"7705","サキュバス","succubus","女神転生","succubus",,,,,,,,,,
"7706","キウン","Kiun","女神転生","Kiun",,,,,,,,,,
"7707","クイーンメイブ","queen maeve","女神転生","queen maeve",,,,,,,,,,
"7708","ヴァンパイア","vampire","女神転生","vampire",,,,,,,,,,
"7730","アプサラス","Apsaras","女神転生","Apsaras",,,,,,,,,,
"7731","イソラ","isola","女神転生","isola",,,,,,,,,,
"7732","コッパテング","Koppa tengu","女神転生","Koppa tengu",,,,,,,,,,
"7734","カラステング","Kara steng",,"Kara steng",,,,,,,,,,
"7735","リャナンシー","Lyanancy",,"Lyanancy",,,,,,,,,,
"7736","ジン","gin",,"gin",,,,,,,,,,
"7738","ヴァルキリー","valkyrie",,"valkyrie",,,,,,,,,,
"7760","イクティニケ","Ictinice",,"Ictinice",,,,,,,,,,
"7765","クーフーリン","Cu Chulainn","女神転生","Cu Chulainn",,,,,,,,,,
"7780","クラマテング","Kuramatengu",,"Kuramatengu",,,,,,,,,,
"7800","ピクシー","pixie","女神転生","pixie",,,,,,,,,,
"7801","ハイピクシー","high pixie","女神転生","high pixie",,,,,,,,,,
"7802","ジャックフロスト","jack frost","女神転生","jack frost",,,,,,,,,,
"7803","ジャックランタン","jack lantern","女神転生","jack lantern",,,,,,,,,,
"7804","ローレライ","Lorelai","女神転生","Lorelai",,,,,,,,,,
"7805","シルキー","silky","女神転生","silky",,,,,,,,,,
"7806","ヴィヴィアン","vivian","女神転生","vivian",,,,,,,,,,
"7807","オベロン","Oberon","女神転生","Oberon",,,,,,,,,,
"7808","ティターニア","titania","女神転生","titania",,,,,,,,,,
"7830","カハク","Kahaku","女神転生","Kahaku",,,,,,,,,,
"7831","スダマ","Sudama",,"Sudama",,,,,,,,,,
"7832","ドワーフ","dwarf",,"dwarf",,,,,,,,,,
"7834","ツチグモ","Tsuchi spider",,"Tsuchi spider",,,,,,,,,,
"7837","ティターン","titan",,"titan",,,,,,,,,,
"7860","ドリアード","Dryad",,"Dryad",,,,,,,,,,
"7861","マンドレイク","mandrake",,"mandrake",,,,,,,,,,
"7865","アールキング","Earl King",,"Earl King",,,,,,,,,,
"7900","キングフロスト","king frost","女神転生","king frost",,,,,,,,,,
"7901","モラクス","morax","女神転生","morax",,,,,,,,,,
"7906","ベリアル","Belial","女神転生","Belial",,,,,,,,,,
"7908","ミトラス","Mithras","女神転生","Mithras",,,,,,,,,,
"7909","スルト","Surtr","女神転生","Surtr",,,,,,,,,,
"7910","アスタロト","Astaroth","女神転生","Astaroth",,,,,,,,,,
"7911","マーラ","Mara","女神転生","Mara",,,,,,,,,,
"7914","ベルゼブブ","beelzebub","女神転生","beelzebub",,,,,,,,,,
"7940","オーカス","orcus","女神転生","orcus",,,,,,,,,,
"7945","エキドナ","Echidna","女神転生","Echidna",,,,,,,,,,
"7946","テスカトリポカ","Tezcatlipoca","女神転生","Tezcatlipoca",,,,,,,,,,
"7947","バフォメット","Baphomet","女神転生","Baphomet",,,,,,,,,,
"7951","アリオク","Arioch","女神転生","Arioch",,,,,,,,,,
"7960","ヘル","hell","女神転生","hell",,,,,,,,,,
"7961","オルクス","Orcus","女神転生","Orcus",,,,,,,,,,
"7965","イシュタム","Ishtam","女神転生","Ishtam",,,,,,,,,,
"7980","バラム","Balaam","女神転生","Balaam",,,,,,,,,,
"8000","アチェリ","Aceri","女神転生","Aceri",,,,,,,,,,
"8001","ターラカ","Taraka","女神転生","Taraka",,,,,,,,,,
"8002","サラシナヒメ","Sarashinahime","女神転生","Sarashinahime",,,,,,,,,,
"8003","ユキジョロウ","Yukijorou","女神転生","Yukijorou",,,,,,,,,,
"8004","ヤクシニー","Yakshini","女神転生","Yakshini",,,,,,,,,,
"8006","ズェラロンズ","Zellarons","女神転生","Zellarons",,,,,,,,,,
"8007","ダーキニー","Darkiny","女神転生","Darkiny",,,,,,,,,,
"8008","ランダ","Landa","女神転生","Landa",,,,,,,,,,
"8010","カーリー","curly","女神転生","curly",,,,,,,,,,
"8030","コボルト","kobold",,"kobold",,,,,,,,,,
"8031","ビルヴィス","Bilbis",,"Bilbis",,,,,,,,,,
"8032","モムノフ","Momnov",,"Momnov",,,,,,,,,,
"8033","オニ","Oni","女神転生","Oni",,,,,,,,,,
"8034","ヨモツイクサ","Yomotsuiweed","女神転生","Yomotsuiweed",,,,,,,,,,
"8035","ベルセルク","berserk","女神転生","berserk",,,,,,,,,,
"8037","ヤクシャ","Yaksha","女神転生","Yaksha",,,,,,,,,,
"8060","オーク","oak",,"oak",,,,,,,,,,
"8061","ウェンディゴ","wendigo",,"wendigo",,,,,,,,,,
"8063","シキオウジ","Shikiouji",,"Shikiouji",,,,,,,,,,
"8066","ラクシャーサ","Rakshasa","女神転生","Rakshasa",,,,,,,,,,
"8069","ヘカトンケイル","Hecatoncheir","女神転生","Hecatoncheir",,,,,,,,,,
"8080","テナガ","Tenaga","女神転生","Tenaga",,,,,,,,,,
"8081","アシナガ","Ashinaga","女神転生","Ashinaga",,,,,,,,,,
"8082","アマノサクガミ","Amanosakugami","女神転生","Amanosakugami",,,,,,,,,,
"8100","ガキ","brat","女神転生","brat",,,,,,,,,,
"8105","ロア","Roa","女神転生","Roa",,,,,,,,,,
"8106","ファントム","phantom","女神転生","phantom",,,,,,,,,,
"8107","グール","ghoul","女神転生","ghoul",,,,,,,,,,
"8108","レギオン","legion","女神転生","legion",,,,,,,,,,
"8109","クドラク","Kudlak","女神転生","Kudlak",,,,,,,,,,
"8110","ガロット","Garotte",,"Garotte",,,,,,,,,,
"8130","ゾンビちゃん","Zombie-chan","女神転生","Zombie-chan",,,,,,,,,,
"8131","ゾンビドッグ","zombie dog",,"zombie dog",,,,,,,,,,
"8132","ゾンビナース","zombie nurse","女神転生","zombie nurse",,,,,,,,,,
"8133","ゾンビ","zombie",,"zombie",,,,,,,,,,
"8134","ボディコニアン","bodyconian","女神転生","bodyconian",,,,,,,,,,
"8135","ゾンビコップ","zombie cop",,"zombie cop",,,,,,,,,,
"8136","マンイーター","man eater","女神転生","man eater",,,,,,,,,,
"8137","ゾンビアーミー","zombie army",,"zombie army",,,,,,,,,,
"8138","コープス","Corpse","女神転生","Corpse",,,,,,,,,,
"8150","くびなしライダー","neckless rider","女神転生","neckless rider",,,,,,,,,,
"8160","スライム","slime","女神転生","slime",,,,,,,,,,
"8161","ブロブ","blob","女神転生","blob",,,,,,,,,,
"8162","クリス・ザ・カー","chris the car",,"chris the car",,,,,,,,,,
"8163","ブラックウーズ","black ooze",,"black ooze",,,,,,,,,,
"8164","シャドウ","shadow",,"shadow",,,,,,,,,,
"8165","ドッペルゲンガー","doppelganger",,"doppelganger",,,,,,,,,,
"8180","赤マント","red cloak","デビルサマナー","red cloak",,,,,,,,,,
"8181","ヨミクグツ","Yomikugutsu","デビルサマナー","Yomikugutsu",,,,,,,,,,
"8182","ヨミクグツ","Yomikugutsu","デビルサマナー","Yomikugutsu",,,,,,,,,,
"8204","アリス","alice","女神転生","alice",,,,,,,,,,
"8300","アーシーズ","Arcies","女神転生","Arcies",,,,,,,,,,
"8301","エアロス","aeros","女神転生","aeros",,,,,,,,,,
"8302","アクアンズ","Aquans","女神転生","Aquans",,,,,,,,,,
"8303","フレイミーズ","flamies","女神転生","flamies",,,,,,,,,,
"8400","ビットボール","bit ball","真・女神転生","bit ball",,,,,,,,,,
"8401","Ｔ９３Ｇ","T93G","真・女神転生","T93G",,,,,,,,,,
"8402","Ｔ９５ＣＰ","T95CP","真・女神転生","T95CP",,,,,,,,,,
"8403","Ｔ９５Ｄ","T95D","真・女神転生","T95D",,,,,,,,,,
"8404","警備システム","security system","真・女神転生","security system",,,,,,,,,,
"8460","ガルガンゼロ","Gargan Zero",,"Gargan Zero",,,,,,,,,,
"8500","メシア教信者","Messianic believer","真・女神転生","Messianic believer",,,,,,,,,,
"8501","テンプルナイト","temple night","真・女神転生","temple night",,,,,,,,,,
"8502","メイガス","Magus","真・女神転生","Magus",,,,,,,,,,
"8503","スキャナー","scanner","真・女神転生","scanner",,,,,,,,,,
"8504","アデプト","adept","真・女神転生","adept",,,,,,,,,,
"8510","ガイア教信者","Gaia believer","真・女神転生","Gaia believer",,,,,,,,,,
"8511","処刑ライダー","execution rider","真・女神転生","execution rider",,,,,,,,,,
"8512","オニジョロウ","Onijorou","真・女神転生","Onijorou",,,,,,,,,,
"8513","闇法師","Dark Priest","真・女神転生","Dark Priest",,,,,,,,,,
"8514","アサシン","assassin","真・女神転生","assassin",,,,,,,,,,
"8521","ネオファイト","neophyte","真・女神転生","neophyte",,,,,,,,,,
"8530","非武装民","unarmed people",,"unarmed people",,,,,,,,,,
"8531","武装市民","armed citizen",,"armed citizen",,,,,,,,,,
"8538","阿修羅会若衆","Ashurakai Wakashu",,"Ashurakai Wakashu",,,,,,,,,,
"8540","サマナー","Summoner",,"Summoner",,,,,,,,,,
"8541","中堅サマナー","Mid-sized Summoner","真・女神転生","Mid-sized Summoner",,,,,,,,,,
"8542","達人サマナー","Master Summoner","真・女神転生","Master Summoner",,,,,,,,,,
"8545","ジプス局員","gyps bureau staff","デビルサバイバー","gyps bureau staff",,,,,,,,,,
"8550","ドウマン","Douman","真・女神転生","Douman",,,,,,,,,,
"8560","キャロルＪ","carol j","ソウルハッカーズ","carol j",,,,,,,,,,
"8561","ユダ・シング","Judah Thing","ソウルハッカーズ","Judah Thing",,,,,,,,,,
"8562","フィネガン","Finnegan","ソウルハッカーズ","Finnegan",,,,,,,,,,
"8570","タカヤ","Takaya","ペルソナ","Takaya",,,,,,,,,,
"8571","ジン","gin","ペルソナ","gin",,,,,,,,,,
"8575","ブラックマン","black man","真・女神転生","black man",,,,,,,,,,
"8576","神取 鷹久","Takahisa Kandori","真・女神転生","Takahisa Kandori",,,,,,,,,,
"8600","臆病のマーヤ","cowardly maya","ペルソナ","cowardly maya",,,,,,,,,,
"8601","囁きのティアラ","whispering tiara","ペルソナ","whispering tiara",,,,,,,,,,
"8602","トランスツインズ","trans twins","ペルソナ","trans twins",,,,,,,,,,
"8604","狂愛のクピド","Cupid of mad love","ペルソナ","Cupid of mad love",,,,,,,,,,
"8605","ソウルダンサー","soul dancer","ペルソナ","soul dancer",,,,,,,,,,
"8606","ファントムウィッチ","phantom witch","ペルソナ","phantom witch",,,,,,,,,,
"8607","ヴィーナスイーグル","venus eagle","ペルソナ","venus eagle",,,,,,,,,,
"8608","ブロンズダイス","bronze dice","ペルソナ","bronze dice",,,,,,,,,,
"8609","狂気の聖典","holy book of madness","ペルソナ","holy book of madness",,,,,,,,,,
"8610","泣くテーブル","crying table","ペルソナ","crying table",,,,,,,,,,
"8611","情欲の蛇","snake of lust","ペルソナ","snake of lust",,,,,,,,,,
"8612","ライフダンサー","life dancer","ペルソナ","life dancer",,,,,,,,,,
"8613","精神のダイス","spirit dice","ペルソナ","spirit dice",,,,,,,,,,
"8614","ファントムマダム","phantom madam","ペルソナ","phantom madam",,,,,,,,,,
"8615","デスツインズ","death twins","ペルソナ","death twins",,,,,,,,,,
"8616","解放のマリア","Mary of Liberation","ペルソナ","Mary of Liberation",,,,,,,,,,
"8617","犠牲のマーヤ","sacrificial maya","ペルソナ","sacrificial maya",,,,,,,,,,
"8618","博愛のクピド","cupid the benevolent","ペルソナ","cupid the benevolent",,,,,,,,,,
"8619","貪欲のマーヤ","maya of greed","ペルソナ","maya of greed",,,,,,,,,,
"8620","恒久の砂時計","permanent hourglass","ペルソナ","permanent hourglass",,,,,,,,,,
"8621","白狼の女武者","female white wolf warrior","ペルソナ","female white wolf warrior",,,,,,,,,,
"8622","破壊のマリア","maria of destruction","ペルソナ","maria of destruction",,,,,,,,,,
"8625","羨望の巨人","giant of envy",,"giant of envy",,,,,,,,,,
"8626","闘魂のギガス","Fighting Spirit Gigas","ペルソナ","Fighting Spirit Gigas",,,,,,,,,,
"8628","ナイスガイ","nice guy","ペルソナ","nice guy",,,,,,,,,,
"8629","タフガイ","tough guy","ペルソナ","tough guy",,,,,,,,,,
"8630","プリーステス","Priestess","ペルソナ","Priestess",,,,,,,,,,
"8631","エンプレス","empress","ペルソナ","empress",,,,,,,,,,
"8632","エンペラー","emperor","ペルソナ","emperor",,,,,,,,,,
"8633","ハイエロファント","Hierophant","ペルソナ","Hierophant",,,,,,,,,,
"8634","ラヴァーズ","Lovers","ペルソナ","Lovers",,,,,,,,,,
"8635","チャリオッツ","Chariots","ペルソナ","Chariots",,,,,,,,,,
"8636","ジャスティス","justice","ペルソナ","justice",,,,,,,,,,
"8637","ハーミット","hermit","ペルソナ","hermit",,,,,,,,,,
"8638","フォーチュン","fortune","ペルソナ","fortune",,,,,,,,,,
"8639","ストレングス","strength","ペルソナ","strength",,,,,,,,,,
"8640","ハングドマン","hung man","ペルソナ","hung man",,,,,,,,,,
"8641","ニュクス・アバター","Nyx Avatar","ペルソナ","Nyx Avatar",,,,,,,,,,
"8645","千枝の影","Chie's shadow","ペルソナ","Chie's shadow",,,,,,,,,,
"8646","雪子の影","Yukiko's shadow","ペルソナ","Yukiko's shadow",,,,,,,,,,
"8647","完二の影","Kanji's shadow","ペルソナ","Kanji's shadow",,,,,,,,,,
"8648","りせの影","Shadow of Rise","ペルソナ","Shadow of Rise",,,,,,,,,,
"8649","直斗の影","Naoto's shadow","ペルソナ","Naoto's shadow",,,,,,,,,,
"8650","クニノサギリ","Kuninosagiri","ペルソナ","Kuninosagiri",,,,,,,,,,
"8651","影に呑まれた男","man swallowed by shadow","ペルソナ","man swallowed by shadow",,,,,,,,,,
"8652","アメノサギリ","Amenosagiri","ペルソナ","Amenosagiri",,,,,,,,,,
"8700","ベル・デル","bell del","デビルサバイバー","bell del",,,,,,,,,,
"8701","イザ・ベル","isa bell","デビルサバイバー","isa bell",,,,,,,,,,
"8702","マインドアマネ","mind amane","デビルサバイバー","mind amane",,,,,,,,,,
"8703","ベル・ベリト","bell bellito","デビルサバイバー","bell bellito",,,,,,,,,,
"8704","バ・ベル","Ba Bell","デビルサバイバー","Ba Bell",,,,,,,,,,
"8705","ドゥベ","Dube","デビルサバイバー","Dube",,,,,,,,,,
"8706","メラク","Meraku","デビルサバイバー","Meraku",,,,,,,,,,
"8707","フェクダ","Phekda","デビルサバイバー","Phekda",,,,,,,,,,
"8708","メグレズ","Megrez","デビルサバイバー","Megrez",,,,,,,,,,
"8709","アリオト","Arioto","デビルサバイバー","Arioto",,,,,,,,,,
"8710","ミザール","Mizar","デビルサバイバー","Mizar",,,,,,,,,,
"8711","ベネトナシュ","Benetnash","デビルサバイバー","Benetnash",,,,,,,,,,
"8712","龍脈の龍","dragon vein dragon","デビルサバイバー","dragon vein dragon",,,,,,,,,,
"8713","ポラリス","Polaris","デビルサバイバー","Polaris",,,,,,,,,,
"8714","ポラリス守護","polaris guardian","デビルサバイバー","polaris guardian",,,,,,,,,,
"8720","ヤコウ","Yakou",,"Yakou",,,,,,,,,,
"8730","スピードデーモン","speed demon",,"speed demon",,,,,,,,,,
"8731","スナッピー","Snappy",,"Snappy",,,,,,,,,,
"8735","ムーウィス人型","Muwis humanoid","ソウルハッカーズ","Muwis humanoid",,,,,,,,,,
"8736","月に吼えるもの","What roars at the moon","ペルソナ","What roars at the moon",,,,,,,,,,
"8800","浮遊する少女","floating girl","空の境界","floating girl",,,,,,,,,,
"8801","幽体の霧絵","Ghost Kirie","空の境界","Ghost Kirie",,,,,,,,,,
"8802","人工妖精","artificial fairy","空の境界","artificial fairy",,,,,,,,,,
"8803","巨大人工妖精","giant artificial fairy","空の境界","giant artificial fairy",,,,,,,,,,
"8806","アルバ","Aruba","空の境界","Aruba",,,,,,,,,,
"8807","荒耶 宗蓮","Soren Araya","空の境界","Soren Araya",,,,,,,,,,
"8850","妖精メイド","fairy maid","東方Project","fairy maid",,,,,,,,,,
"8851","ホフゴブリン","Hofgoblin","東方Project","Hofgoblin",,,,,,,,,,
"8860","フライングヘッド","flying head","東方Project","flying head",,,,,,,,,,
"8890","ゼタ","Zeta","ファントム・キングダム","Zeta",,,,,,,,,,
"8901","サルモネラ一家","salmonella family","メタルマックスシリーズ","salmonella family",,,,,,,,,,
"8903","デスペロイド","Desperoid","メタルマックスシリーズ","Desperoid",,,,,,,,,,
"8905","ブルーベリー大佐","Colonel Blueberry","メタルサーガシリーズ","Colonel Blueberry",,,,,,,,,,
"8906","ブルーベリーアーミー","blueberry army","メタルサーガシリーズ","blueberry army",,,,,,,,,,
"8907","ブルーベリーコマンダー","blueberry commander","メタルサーガシリーズ","blueberry commander",,,,,,,,,,
"8908","エリートベリー","elite berry","メタルサーガシリーズ","elite berry",,,,,,,,,,
"8950","テッド・ブロイラー","ted broiler","メタルマックスシリーズ","ted broiler",,,,,,,,,,
